recipe_id,preparation_instructions
1,"Prepare noodles according to package directions and drain.
As the noodles are boiling, warm oil in very deep skillet or Dutch oven over medium heat.
Add mushrooms and onions and cook until onion is soft, about 3 minutes.
Add beef tips, milk, and mushroom soup.
Add salt and pepper to taste and stir well.
Reduce heat to simmer and stir in garlic, paprika, and sour cream.
Simmer lightly, without letting it boil (that will curdle it).
When noodles are finished and drained, serve with noodles on serving plate or individual plates, with sauce over it.
Garnish with parsley."
2,"Heat the avocado oil in a large saucepan over a medium heat. Add the neatly chopped onions and cook until tender for about 2 minutes.
Stir in the garlic and celery and cook until fragrant.
Add the cabbage, potatoes, carrots, Italian seasonings, onion powder, garlic powder, bouillon cubes, smoked paprika, and water. Cover the saucepan and bring to a boil.
Reduce the heat and let simmer for about 20 minutes.
Check the seasonings and adjust where necessary.
Remove and serve warm with any complimentary dish of your choice."
3,"Bring the chicken broth to a rolling boil. If using water and chicken stock cubes, bring the water to a boil, add the stock cubes and let dissolve.
Add the agnolotti and cook according to the instructions on the package.
Add the cream, freshly-ground black pepper, and chopped parsley about 2 minutes before the end of the cooking, and turn down the heat.
Add the dash of sherry just before serving. If serving to children, dish out their portions first, then add the sherry for the grown-ups.
Let stand for a few minutes to marry the flavors, then serve, sprinkled with grated Parmesan cheese and enjoy."
4,"Soak bread in water and squeeze hard to drain.
Combine soaked bread, ground meat, bread crumbs, oil or melted butter, onion, cheese, parsley, salt, pepper, and mint, and mix thoroughly.
Form mixture into 1 inch-thick patties, then sprinkle with salt, pepper, and oregano.
Roll in flour and fry in hot oil.
Serve hot with French fries or mashed potatoes."
5,"Cut off inedible tips of vegetables. Wash and slice them into 1-inch squares.
Sauté vegetables in half the oil and remove them from the frying pan.
Sauté onion and tomatoes in the remaining oil, and season with parsley, salt, and pepper.
Put everything in a stock pot with a cup of water, cover tightly, and simmer until almost all moisture has cooked away.
Serve hot, accompanied by steak, meatballs, or any other main dish."
6,"Clean the chicken and cut into small pieces. Combine with all the marinade ingredients and mix well. Set aside for 30 minutes to let flavors seep in.
Fry cumin, fennel, and mustard seeds on a medium heat in a large pan.
Add garlic and ginger paste and fry.
Chop the onions into small pieces and fry in the pan.
Add the potatoes and fry.
In a separate pan, sear the chicken in batches and add it to bowl separately.
After the onions turn golden brown add the marinated chicken.
Add curry powder, coconut yogurt and turn to a low heat. Leave to cook for 35–40 minutes.
Finely chop fresh coriander and a dash of lemon juice to the curry.
Serve with rice or naan bread"
7,"In small bowl, combine garlic, ginger root, chilies, scallion whites, and black beans.
In another small bowl, combine ¼ cup stock, soy sauce, sugar, and sesame oil, and stir until sugar dissolves.
In a third small bowl, dissolve cornstarch in wine or sherry.
Scrub clams, if using, cut shellfish into 1-inch pieces or thinly slice poultry or meat.
Just before serving, heat a wok over high heat.
Swirl in canola oil.
Stir-Fry onion and bell pepper for a minute then add garlic and bean mixture and cook for 15 seconds, or until fragrant but not brown.
Add seafood and stir-fry for 1 minute.
Add stock-based sauce and cook for 2 to 5 minutes, or until seafood is cooked; if necessary to prevent mixture from sticking to pan, add remaining stock. (If steaming clams, tightly cover wok.)
Stir cornstarch mixture and add to stir-fry along with scallion greens and sliced vegetables.
Bring sauce to a boil.
Serve immediately along with white rice if desired."
8,"Cut eggplant into 5 mm slices. Lay the slices out and sprinkle liberally with salt. This leaches out the bitterness. Leave these for at least an hour.
Heat olive oil in a saucepan and add onion and garlic. Sauté these until the onion starts to change colour. Add the meat and brown thoroughly.
Add bay leaves and cinnamon stick, and continue to stir the meat until all the moisture from the meat is gone.
Add tomatoes, herbs and sauces. Mix through and allow to cook for 15 minutes, stirring occasionally.
Add wine and continue to cook until the sauce is very thick. It should have very little moisture in it all. Remove the bay leaves and cinnamon stick, and allow to cool.
In another saucepan, melt butter over a low heat. Remove from heat and add the flour. Blend this through thoroughly, then return to the heat and cook gently for 3 minutes, stirring continuously so that it does not catch (burn). Remove from heat and add the milk. Mix this through then return to the heat and allow mixture to boil. Allow sauce to cook gently for one minute, stirring continuously. Remove from heat, add cheeses, nutmeg, cinnamon and pepper and mix through. Allow to cool.
Rinse the slices of eggplant under running water and dry on paper towels. Heat olive oil in a frying pan. Place slices of eggplant in the pan and quickly turn to coat both sides in the hot oil. Fry until the slices are cooked (when they change colour and become soft). Drain and repeat with remaining slices.
In a large casserole dish, lay slices of eggplant to cover the bottom. Cover with a layer of the meat sauce. Repeat layering eggplant and meat sauce until within 3 cm of the top of the dish.
Add the egg to the cool, cheese sauce and mix through thoroughly. Spoon this on the top layer in the casserole dish and sprinkle with extra grated cheese. Bake at 200 °C (400 °F) for 45 minutes. Remove from oven and allow to cool and set for 10 minutes.
Serve with a tossed Greek salad, red wine and crusty garlic bread."
9,"Combine chicken, broth, onions, scallions, carrots, garlic, bay leaf, thyme, cumin, cilantro and peppercorns in large saucepan and bring to a boil. Skim off froth as it rises. Reduce heat to low and cover when frothing finishes.
Remove and reserve chicken after it is cooked through (about 20 minutes).
Strain broth through sieve and return to pot, boil again over medium heat. Reserve carrots.
Add tomato paste and yellow and purple potatoes. Cover and cook until potatoes are soft (approximately 20 minutes).
While yellow and purple potatoes are cooking, boil sliced mashing potatoes in water and beef bouillon in separate pot. Once boiling, reduce to medium heat until potatoes start to fall apart (approximately 30 minutes).
Drain and reserve a quarter of the slices and mash the rest of the sliced potatoes. Add mashed and sliced potatoes to soup.
Remove bones and skin from chicken and discard. Cut chicken into strips 1 cm wide and 3 cm long.
Add chicken and peas to soup and simmer for 5 minutes. Slice the carrots into .5 cm thick rounds and add back into soup. Salt to taste.
Serve hot with garnishes available."
10,"Place the mushrooms in a medium bowl and fill with hot water to cover. Set aside to reconstitute.
Place the flour in a shallow bowl. Dredge each piece of chicken through the flour to lightly coat on all sides. Set aside.
In a large stock pot over medium-high heat, combine the butter and olive oil.
When the fat begins to sizzle, add the chicken and cook, turning as needed, until lightly browned on all sides, about 5 to 7 minutes. Remove the meat from the pot and set aside.
Reduce heat to medium, and add the onion, garlic, thyme, basil, and rosemary. Sauté until onions begin to brown, about 5 minutes.
Increase heat to high and add broth and water. Bring the broth to a simmer.
Meanwhile, cut the meat into bite-size pieces.
Drain the mushrooms and squeeze any liquid from them.
When the broth is simmering, lower heat to medium-high and add the meat, mushrooms, peas, and carrots.
Return to a simmer, and cook until the carrots are tender, about 5 minutes.
Add the pasta and celery and cook until just tender, about another 5 minutes.
Stir in the parsley and lemon juice, then season to taste with salt and pepper."
11,"Measure and prepare all ingredients before cooking.
Mix all chicken/marinade ingredients in a bowl, stir well, and allow to marinate for ½ hour.
Mix sauce ingredients in another bowl and set aside until needed. Stir out any lumps.
Heat wok or large frying pan until water drops bead up and dance on the hot surface.
Add cooking oil to wok. Wait a few seconds for oil to heat up.
Add remaining spice ingredients to wok and stir fry for 30 seconds.
Add chicken mixture to wok and stir fry for about 4 minutes (until chicken is cooked through).
Add vegetables to wok and stir fry for about 2–3 minutes.
Stir sauce and add to wok. After the sauce comes to a boil, cook for about 1 minute (until sauce thickens).
Stir to coat other ingredients with thickened sauce.
Pour onto large platter and serve immediately."
12,"Preheat the oven to 400°F.
Cut the pumpkin or squash in half lengthwise and remove the seeds and fibers. Cover with aluminum foil and place the halves, cut side up, in a foil-lined shallow baking pan.
Bake for 40–50 minutes, or until easily pierced with a knife but still firm (if using squash, prepare the same way). When cool enough to handle, scoop out the pulp, and cut into large dice. Set aside until needed.
Heat the oil in a soup pot. Add the onion and sauté over medium-low heat until translucent. Add the garlic and continue to sauté until the onion is golden.
Add the pumpkin and all the remaining ingredients except the last 2 and bring to a simmer. Simmer gently, covered, until all the vegetables are tender, about 20–25 minutes. Season to taste with salt and pepper.
If time allows, let the stew stand for 1–2 hours before serving, then heat through as needed. Just before serving, stir in the cilantro. The stew should be thick and very moist but not soupy; add additional stock or water if needed. Serve in shallow bowls."
13,"Fill your largest pot with 1½ gallons of water along with 3 tablespoons of salt. Place it over high heat on the stove.
Combine ground meat, bread crumbs, grated cheese, minced parsley and lightly beaten eggs (add eggs one at a time while stirring ingredients together). Sprinkle with minced garlic, 2 tablespoons of olive oil and seasonings. Then mix well until everything is combined.
Form meat mixture into meatballs, using an ice cream scoop or your hands, pressing lightly, just enough so that meat holds together, but not so much that the meat is very compressed or the meatballs will be tough and dry.
In a heavy skillet, heat olive oil over medium low heat. Add whole garlic cloves. Turn the garlic cloves to color them on all sides, then when lightly browned, press them into the oil; as they brown, remove them.
As soon as the oil is hot, add the meatballs to the skillet, leaving about 1½ inches between them so that they can be easily turned. Turn them often using a spatula or large spoon so that they don't stick. Make sure there is enough oil in the pan (about ½ inch). You don't need extra virgin olive oil for this—any good quality Italian olive oil will do.
When the meatballs are browned well on all sides, remove from the pan and drain on paper towels. Then add the next batch to the pan and continue until all are cooked.
Add the pasta to the water now boiling in your pot and cook until al dente. This should take about 12 minutes.
Add pepper flakes, garlic and finely chopped onion in the same oil you used to cook the meatballs. Sauté 5–7 minutes, until onion bits are soft. Add beef stock, crushed tomatoes, and herbs. Bring to a simmer and cook for about 10 minutes.
Toss hot, drained pasta with a few ladles of the sauce. Turn meatballs in remaining sauce.
Place pasta on dinner plates. Top with meatballs, sauce and extra grated cheese."
14,"Preheat the oven to 180°C (160°C convection / 350°F / gas mark 4).
Heat 3 tbsp oil in a large pan. Add the onion, carrot and celery. Cook gently until soft but not coloured.
Add the minced beef and cook until browned, breaking up the mince as much as possible.
Add the parsley. Pour in the white wine and cook for 5 minutes to burn off the alcohol.
Season to taste and add the chopped tomatoes. Cook over a low heat for 30 minutes, stirring occasionally.
Bring a large pan of water to the boil and salt it. Add the pasta and cook following pack instructions or until the pasta is firm to the bite (al dente). Drain the pasta.
Grease an oven dish and thinly cover the bottom with some of the tomato sauce. Fill with half the quantity of the pasta, the diced mozzarella, half of the tomato sauce, half of the cream and cover with half of the grated Parmesan cheese.
Fill the oven dish with another layer of tagliatelle, the remaining mozzarella, the tomato sauce, the cream and cover with Parmesan cheese and some freshly grated nutmeg.
Bake in the oven for about 30 minutes or until the top of the dish is golden. Remove from the oven and leave to cool for a few minutes.
Add a few basil leaves and serve."
15,"Bring the rice, water, and salt to a boil. Cover, turn down the heat, and simmer for 20 minutes. Turn off the heat, fluff with a fork, and let stand for a few minutes.
Heat a deep 12-inch pan or wok over high heat. Add the oil, and let it heat up.
Sauté everything in the oil, adding the ingredients in the following order, so as to cook heavier items longer: Chicken Onion/garlic Bell peppers Mushrooms Pineapple Tofu
Chicken
Onion/garlic
Bell peppers
Mushrooms
Pineapple
Tofu
Combine the water and cornstarch. Add the teriyaki sauce and the cornstarch mixture to the pan. If using cornstarch, heat to boiling to thicken. Thin with extra water or juice as necessary.
Serve over the cooked rice."
16,"Cut the chicken into 5–7 cm pieces and slice them at edges with a knife.
Combine garlic, 1 tsp salt, 1 tsp red chili powder, 1 tsp garam masala, red pepper powder, yoghurt, coriander leaves, and ground black pepper in a large bowl.
Add the chicken pieces, and marinate for 8 hours in refrigerator.
In a large pot, fry onion rings, green chilies, and tomato in olive or sunflower oil over low heat until onions are light yellow.
Stir in remaining 1 tsp garam masala, 1 tsp red chili powder, and ground cashews.
Add chicken pieces, and fry them for about 5 minutes while gently stirring.
Add the marinade and water until all chicken pieces are submerged. Add coconut milk if desired.
Allow the dish to cook over low to medium heat for 30–45 minutes.
Remove from heat and wait for a few minutes until the chicken pieces are tender and have absorbed the sauce.
Serve with rice (Basmati variety works well)."
17,"Crack open the cardamom pods. Reserve the seeds; discard the shells.
Heat oil to quite hot but not smoking in a pan. Add spices and bay leaf. Cook until seeds crack (1–2 minutes).
Reduce heat to medium. Add onion and garlic, then cook until tender and translucent.
Reserve onion, garlic, spices to a side dish.
Season tofu with salt and pepper. Fry, adding oil if needed. When tofu is heated through, sauté until lightly brown (5–8 minutes).
Add reserved onion/spice mixture.
Add currants and sauté for 3–5 minutes. At this point, the tofu may be cooled and chilled for re-heating the following day.
Add sour cream, yogurt, coconut milk, and butter. Simmer until sauce has cooked down a little.
Add toasted almonds and toasted coconut.
Serve hot with Saffron Sweet Rice."
18,"Bring stock and coconut milk to a boil.
Add lemongrass, galangal, chilies, sugar, and pepper.
Add onion, tomato, chicken bits, and mushrooms.
Keep at a rolling boil for 4 minutes.
Remove the pot from the heat.
Stir in lime juice and soy sauce.
Garnish with cilantro and chilies."
19,"Combine the barbecue sauce, soy sauce, hoisin sauce, sugar, and salt to make the marinade.
Place the pork into the sauce mixture. Cover with plastic wrap, and refrigerate for 25 minutes. Make sure the sauce in the bowl is really absorbed.
Transfer the pork to a baking pan, and bake for 20 minutes at 200°C. When finished, put the pork onto a plate.
Heat the olive oil and sesame oil in a medium wok. Fry the garlic, red chillies, ginger and scallion, then stir briefly for 1 minute. Add the mixed egg and rice.
Add the grilled pork, salted soy sauce, chicken powder, oyster sauce, salt and jalapeño. Stir until mixed.
Serve hot with garnishes."
20,"Heat the olive oil in a Dutch oven over medium high heat until shimmering. Add in ground beef and cook, breaking it up with a wooden spoon, until all liquid had evaporated and meat begins to sizzle (10–15 minutes).
Stir in wine, scraping the pot to loosen the fond. Simmer until wine has evaporated.
Add the crushed tomatoes, bring to a simmer, cover, and simmer for 20 minutes. Meanwhile, prepare the béchamel sauce.
Preheat the oven to 375°F/190°C.
Mix the basil, oregano, salt, and pepper into the ragu.
Place a thin layer of ragu in the base of the ovenproof dish and cover with a single layer of pasta sheets. Spread a layer of béchamel sauce over the pasta. Repeat this until you run out of meat, making sure that you have enough béchamel sauce left to cover the top layer of pasta.
Sprinkle grated parmesan over the pasta.
Place the dish in the oven on the top shelf and cook for about 45 minutes, or until the top is lightly browned and the sauce is bubbling.
Serve."
21,"If using dry chickpeas, wash, then soak for 12 hours, then cook 40–50 minutes until soft or for 8–10 minutes in a pressure cooker. If using a pressure cooker, do not depressurize but let the cool down; depressurizing causes the chickpeas to break open.
Cook onions in the broth until softened.
Add zucchini, tomatoes, bell pepper, chili pepper, and garlic and cook for 10–15 minutes, until peppers and zucchini are soft.
Start boiling the rice.
Add chickpeas, peanut butter, spices, and soy sauce. Keep simmering for 5–10 more minutes.
Sprinkle with cilantro garnish if desired, then serve immediately."
22,"If using dry black-eyed peas, wash them, then cook for 20 minutes or until al dente. When done, drain.
Meanwhile, sauté onions, carrots, and celery in oil for 5 minutes.
Add garlic, ginger, salt, and pepper, and sauté for 2 more minutes.
Stir rice into vegetable mix.
Add stock and tomatoes, then bring to a boil.
Add the cooked black-eyed peas.
Add meat, cook a further 5 minutes, turn heat to low, and let simmer for 30–40 minutes. The stew is ready when the rice is soft.
Add chili peppers and curry-lemon paste, then cook for 10 more minutes. Serve hot."
23,"Dust beef cubes lightly with flour, then brown in vegetable oil.
Move to separate pot and clean pan with beef broth and add to pot.
Sauté celery, garlic and onion briefly and add to pot. Simmer for 1.5 hours.
Add barley and simmer additional ½ hour.
Add potatoes, sliced mushrooms, frozen green beans, diced tomatoes and tomato paste.
Add slug of Worcestershire sauce. Simmer for 1 additional hour.
Chop parsley and stir into stew before serving.
Combine the flour, salt, pepper, and paprika on a plate, and dredge the cubed beef in the flour mixture.
Add the oil to a Dutch oven or large saucepan on medium high heat. Brown the beef in the oil.
When the beef is evenly browned on all sides, add the water, beef broth, bay leaf, onion, carrots and barley. Allow to come to a simmer and reduce heat.
Allow to simmer for 1 to 1½ hours, until the meat is tender. Remove the bay leaf and serve with noodles or rice."
24,"Heat the vegetable oil in a large pot or Dutch oven over medium-high heat. Add the beef or chicken cubes and cook until browned on all sides. Remove the meat from the pot and set it aside.
In the same pot, add the chopped onions and minced garlic. Sauté until the onions become translucent and the garlic is fragrant.
Reduce the heat to low and add the peanut butter to the pot. Stir constantly until the peanut butter melts and combines with the onions and garlic.
Add the ground cumin, paprika, chili powder, salt, and pepper to the pot. Stir well to incorporate the spices into the peanut sauce. Then add the diced tomatoes, including their juices, and mix everything together
Gradually pour the beef or chicken broth into the pot, stirring continuously to create a smooth sauce. Return the seared meat to the pot and stir to coat it with the sauce.
Cover the pot with a lid and let the stew simmer over low heat for about 30 minutes, allowing the flavors to meld together and the meat to become tender.
After 30 minutes, add the diced carrots, potatoes, bell pepper, okra, and chopped leafy greens to the pot. Stir well, ensuring that all the vegetables are submerged in the sauce.
Cover the pot again and let the stew simmer for an additional 15–20 minutes, or until the vegetables are cooked to your desired tenderness.
Remove the pot from heat and let it sit for a few minutes. This allows the stew to thicken slightly. Serve hot, garnished with fresh cilantro or parsley."
25,"In a large pot or Dutch oven, heat the vegetable oil over medium heat. Add the diced onions and sauté until they become translucent.
Stir in the minced garlic and grated ginger, and sauté for another minute until the mixture becomes aromatic.
Add the diced eggplants, tomatoes, bell peppers, carrots, zucchini, and potatoes to the pot. Mix well to combine all the vegetables.
Sprinkle the curry powder, ground cumin, ground coriander, ground turmeric, and chili powder (if using) over the vegetables. Season with salt and pepper to taste.
Pour the vegetable broth or water into the pot, covering the vegetables. Bring the mixture to a boil, then reduce the heat to a simmer.
Cover the pot and let the stew cook for about 20–25 minutes or until the vegetables are tender and the flavors have melded together.
Once the stew is ready, adjust the seasoning if needed.
Serve hot, garnished with fresh chopped cilantro or parsley for an extra burst of flavor."
26,"In a large pot, heat olive oil over medium heat. Add the chopped onion and minced garlic. Sauté until the onion becomes translucent.
Add the diced carrot, zucchini, bell pepper, and green beans to the pot. Stir and cook the vegetables for a few minutes until they start to soften.
Add the diced tomatoes, chickpeas, cumin, coriander, turmeric, paprika, salt, and pepper to the pot. Stir well to coat the vegetables with the spices.
Pour the vegetable broth into the pot. Bring the mixture to a boil, then reduce the heat to low. Cover the pot and let the vegetables simmer for about 15–20 minutes, or until they are tender.
Meanwhile, prepare the couscous according to the package instructions. Typically, couscous is steamed or soaked in hot water until it becomes fluffy and tender. Fluff the cooked couscous with a fork.
Once the vegetables are cooked, remove the pot from the heat. Gently stir in the cooked couscous, ensuring that it is well-incorporated with the vegetables.
Taste and adjust the seasoning if needed. You can add more salt, pepper, or spices according to your preference.
Serve hot, garnished with freshly chopped parsley or cilantro."
27,"Soak the noodles in warm water for about 20 minutes and strain. Alternatively, pour boiling water over the noodles and let them sit for 7 minutes.)
Mix the fish sauce with the vinegar, sugar and tamarind juice together in a small bowl.
Heat the vegetable oil in a wok on high, and brown the chopped garlic and chili peppers for a minute.
Cook the meats/tofu in oil, until they are browned (6–8 minutes).
Add assorted veggies and cook until tender.
Add noodles. Crack the eggs over the noodles, allow them to cook, and then mix them up.
Add the fish sauce mix into the wok, mix it all up and turn the heat down to medium.
Add the chopped green onions and bean sprouts, then stir fry for 2 more minutes.
Serve on a large plate or bowl. Garnish with chopped peanuts and, optionally, chopped cilantro or coriander and a wedge of lime."
28,"Preheat oven to 350°F.
In non-stick skillet, add onion, celery, green pepper.
Add instant beef bouillon, tomato juice, and cook until vegetables are tender.
Add tofu, carrot, garlic salt, chili powder.
Simmer a few more minutes.
Add corn meal and mix thoroughly.
Pour into a one quart casserole and top with grated cheese.
Bake at 350°F for 20 minutes or until browned."
29,"Heat sesame oil in a large sauté pan over medium-high heat.
Add the garlic, crushed red pepper, and onion and sauté for a minute.
Add the red and green bell peppers and sauté just barely until soft, around 3 minutes.
Add the sesame seeds, teriyaki sauce, and grilled chicken strips .
Lower heat to medium and cook, stirring often, until flavors are mixed, about 5 minutes.
Stir in the chopped cilantro, and season to taste with salt and pepper.
Divide the chicken mixture into fourths, putting the portion only on one-half of each tortilla.
Top with the shredded cheese, dividing equally among the tortillas.
Fold tortillas over, forming a semicircle, to cover the mixture.
Heat a large sauté pan or skillet over medium-high heat.
Add just enough butter to make a very thin layer on the bottom of the pan.
Cook the quesadillas in the butter until cheese is melted and tortillas are browned on both sides, about 3 minutes per side.
Cut each tortilla into four or so triangles and serve immediately."
30,"Heat the olive oil in a large skillet or frying pan over medium-high heat.
Add the chopped onion to the pan and sauté until it becomes translucent and starts to brown.
Add the minced garlic to the pan and sauté for an additional minute until fragrant.
Add the meat to the pan and cook until browned on all sides. Stir occasionally to ensure even cooking.
Sprinkle the berbere spice blend, paprika, ground cumin, salt, black pepper, and cayenne pepper (if using) over the meat. Stir well to coat the meat with the spices.
Reduce the heat to medium and continue cooking for another 5–7 minutes, or until the meat is cooked through and tender.
Drizzle the lemon juice over the meat and stir to incorporate the flavors.
Add the butter to the pan and stir until melted, coating the meat with its rich flavor.
Remove the pan from the heat and garnish the tibs with fresh chopped parsley or cilantro.
Serve hot with injera or as a side dish alongside other Ethiopian delicacies. Accompany with lemon wedges for extra zest."
31,"Bring chicken broth to a simmer in a 2-quart saucepan.
Add soy sauce, shredded meat, mushrooms and garlic chili sauce. Simmer for 5 minutes.
Add black pepper, white vinegar, bamboo shoots, tofu. Simmer for 5 minutes.
Combine 3 tablespoons of cornstarch with 2 tablespoons of cold water in a cup. Stir until mixture is smooth. Add cornstarch mixture to soup and stir well.
Simmer for 5 minutes until soup is thickened.
Beat egg in a cup until yolk and white are combined. Pour beaten egg slowly, in a fine stream into soup. Stir soup several times, then wait 30 seconds.
Add green onions and sesame oil to soup. Stir well and remove from heat.
Serve hot."
32,"Heat the olive oil in a large saucepan or pot over medium heat. Add the finely chopped onion and sauté until it becomes translucent.
Stir in the minced garlic and grated ginger, and cook for another minute until fragrant.
Add the berbere spice blend, paprika, turmeric, cumin, cayenne pepper, and salt. Mix well to coat the onions, garlic, and ginger with the spices.
Add the sliced carrots, diced potatoes, diced bell pepper, green beans, cauliflower florets, and broccoli florets to the saucepan. Stir to combine the vegetables with the spice mixture.
Pour in the vegetable broth or water, and bring the mixture to a simmer. Reduce the heat to low, cover the saucepan, and let the stew cook for about 20–25 minutes, or until the vegetables are tender.
Check the seasoning and adjust with salt or additional spices if desired.
Remove from heat and let rest for a few minutes to allow the flavors to meld together.
Garnish the stew with freshly chopped cilantro or parsley. Serve hot as a main course, accompanied by injera or rice."
33,"Preheat the oven to 175°C (347°F). Grease a ovenproof dish.
Break the spaghetti into 5 cm (2-inch) pieces.
Boil the spaghetti in water until al dente.
Drain the pasta in a colander and put in a bowl.
Add 1 egg, half of the breadcrumbs, and the parmesan cheese to the pasta, and mix until combined.
Pour the pasta mixture into the dish and sprinkle with remaining breadcrumbs.
Bake for 20 minutes until the top is lightly browned.
Meanwhile, heat the oil in a pan over medium heat.
Add the onion and cook for 3 minutes, stirring occasionally.
Add the beef and cook, breaking up into pieces, for 7 minutes until browned.
Remove the fat from the pan.
Add the tomatoes and tomato paste to the beef mixture and stir in.
Add the basil and let it simmer over a low heat while you make the topping.
Beat together the ricotta, egg and oregano in a bowl until combined.
Take the pasta out of the oven and pour the ricotta mixture onto the pasta.
Pour the bolognese sauce on top and sprinkle with mozzarella cheese.
Bake for 25 minutes until the top is browned.
Slice into 8 pieces and serve."
34,"Heat oil in large heavy pot, add brisket, and brown on all sides.
Push meat to the side. Add onions and celery, and cook over medium heat until softened.
Add garlic, cumin, peppercorns, mustard, oregano, salt, and stir in.
Add tomatoes, beef stock, vinegar, sugar, and bay leaves. Add the tomato juice if desired.
Add 1 cup of boiling water, cover pot, and cook for 2 hours on low heat.
Inspect regularly to make sure there is enough liquid, adding water if necessary.
30 minutes before serving, add bell and chili peppers."
35,"Heat up oil slightly in a frying pan over a medium flame.
Sauté chicken breasts and shallots in hot oil for 5 minutes or until golden brown. Add lemon juice to chicken and cook for an additional 10 minutes. Remove chicken from flame. Reserve juices. Transfer chicken into a casserole dish.
Melt butter in clean frying pan. Add flour to butter and stir for about 3 minutes.
Slowly add half and half, stirring continuously. Add all spices and seasonings to sauce.
Stir in reserved juices and keep stirring. Reduce heat and slowly stir in Parmesan cheese.
Keep stirring until a smooth consistency is achieved. Pour sauce over chicken in casserole dish.
Cover and bake for 20 minutes at 350°F (175°C).
While chicken is cooking, prepare pasta. When chicken is done, serve immediately."
36,"Using a food processor, grind the leftover hamburger patties into a coarse powder.
In a bowl, mix the ground hamburgers with the cumin, chili powder, and salt. Set aside. Don't bother cleaning the food processor after grinding the meat.
Add the sweet chiles to the food processor one-by-one, and grind until they're reduced to small bits.
Add the chipotles along with the adobo sauce, grinding until the chipotles are thoroughly integrated into the sauce. You can leave this in the food processor or move it to a bowl.
Heat a stockpot over medium heat and add the oil.
Swirl the oil in the pan to coat, and turn the heat down to medium-low.
Sauté the onions and garlic until soft and golden.
By now the onions should be pretty well cooked down. Turn the heat up to medium and stir continuously.
The onions may start to brown and stick to the bottom of the stockpot. Add half the beer to deglaze the pan.
Add the ground meat and spices, tomato products, beans, chile paste, and remainder of the beer, stirring after each addition to combine.
When the pot comes to a boil, turn the heat down to low and cover.
Simmer for at least half an hour.
Serve in bowls, either plain or with accompaniments suggested above."
37,"Heat the olive oil in a large pot or Dutch oven over medium heat.
Add the chopped onions to the pot and sauté until they become translucent and slightly browned.
Add the minced garlic and grated ginger to the pot and sauté for an additional minute until fragrant.
Stir in the berbere spice blend, tomato paste, ground turmeric, ground cumin, ground coriander, salt, and black pepper. Mix well to combine the spices with the onions, garlic, and ginger.
Add the beef to the pot and stir to coat it with the spice mixture. Cook the beef for a few minutes until it is browned on all sides.
Pour in the beef broth or water, ensuring that the beef is fully submerged in the liquid. Bring the mixture to a boil.
Reduce the heat to low, cover the pot, and simmer for about 1 hour, or until the beef is tender and the flavors have melded together. Stir occasionally and add more liquid if needed to maintain the desired consistency.
Taste the stew and adjust the seasoning with salt and pepper if needed.
Remove the pot from the heat and let rest for a few minutes before serving.
Garnish with fresh chopped cilantro or parsley. Serve hot with injera or bread, and enjoy the mild yet flavorful experience of this Ethiopian stew."
38,"Heat olive oil in a large skillet; add chicken and paprika, then brown on all sides.
Remove chicken from skillet.
Add onion, green bell pepper, celery, and garlic. Sauté over low heat until onion is tender, about 10 minutes.
Stir in ham, tomatoes, chicken broth, rice, thyme, salt, and pepper.
Add chicken and turn to coat with sauce. Bring to a boil.
Reduce heat, cover, and simmer for 15 minutes."
39,"Heat the oil in a very large pot over medium heat.
Add the fennel, onion, shallots, and salt and sauté until the onion is translucent.
Add the garlic and red pepper flakes, and sauté for 2 minutes.
Stir in the tomato paste.
Add tomatoes with their juices, wine, water, crabs, celery and bay leaf. Cover and bring to a simmer.
Reduce the heat to medium-low. Simmer, covered, for about 30 minutes to allow the flavors to blend.
Add the mussels to the cooking liquid. Cover and cook until the mussels begin to open.This should take about 5 minutes.
Add the scallops and fish. Simmer gently until the fish and scallops are just cooked through and all the mussels are completely open, gently stirring occasionally. This should take about another 10 minutes.
Check the soup for closed mussels and throw them out. Remove the bay leaf.
Season the soup to taste with more salt and red pepper flakes."
40,"Preheat the oven to 375 °F (191 °C).
In a gallon of salted, boiling water, cook pasta until al dente. Drain and rinse with cold water. Set aside.
Combine ricotta, egg yolks, butter, salt, pepper, garlic, parsley, and tomato paste. Fold in cooked pasta. Set aside.
In a spotlessly clean metal bowl, beat egg whites to stiff peaks with cream of tartar. Gently fold into pasta mixture.
Pour into a parchment-lined high-sided roasting pan. Sprinkle with mozzarella cheese and cover with aluminum foil. Bake in the center of the oven for 15 minutes.
Remove foil and lower temperature to 350 °F (177 °C). Bake for another 30 minutes or until browned and bubbly on top.
Place serving portions onto plates and garnish with basil. Serve warm."
41,"Slice shallots and red pepper into thin slices.
Crush garlic, peel of the skin, and mince well.
Slice stinky beans in half, or as desired.
Heat oil in wok, add the chicken or prawn, and stir fry until done.
Add shallot, pepper, garlic and stink beans. Stir until garlic turns golden.
Crack in the eggs, and stir fry until half done.
Add the steamed rice, and stir until all mixed.
Add soy sauces, salt, and ground pepper as desired.
Serve on plates, adding fresh cucumber slices or tomatoes as garnish."
42,"Wash chicken parts.
In a food processor or mortar and pestle, grind the garlic, ginger, kimiri nuts, turmeric, galangal, hot chilies, and terasi into a paste (bumbu).
In a wok or skillet, cook the paste over medium heat for 1 minute.
Add the chicken parts to the wok, and brown them.
Add the shallots, lemongrass, kaffir lime leaves, and salam leaves to the wok, and sauté for another minute.
Add the coconut milk and bring to a light boil.
Simmer on low heat for 10 minutes."
43,"Place onion and chicken in 3 ½ quart (3.5 L) slow cooker.
Combine remaining ingredients in a bowl. Stir.
Pour over chicken and cover the chicken.
Cook on low for 6–8 hours or on high for 3–4 hours.
Discard bay leaf and serve."
44,"Heat the olive oil in a large skillet or frying pan over medium heat.
Add the finely chopped onion and minced garlic to the skillet. Sauté until the onion becomes translucent and the garlic is fragrant.
Add the diced tomatoes to the skillet and cook for a few minutes until they start to soften.
Stir in the berbere spice blend, paprika, cumin, coriander, turmeric, cayenne pepper, and salt. Mix well to coat the onions and tomatoes with the spices.
Add the trimmed and cut green beans to the skillet and stir to combine them with the spice mixture.
Reduce the heat to low, cover the skillet with a lid, and simmer for about 20–25 minutes, or until the green beans are tender but still slightly crisp. Stir occasionally to ensure even cooking.
Taste and adjust the seasoning with salt or additional spices if desired.
Remove from heat and let the stew rest for a few minutes to allow the flavors to meld together.
Garnish with freshly chopped cilantro or parsley.
Serve as a main course, accompanied by injera or rice."
45,"Mix yoghurt, oil, ginger/garlic paste, half the lemon juice, and spices together. Smear this mixture over the chicken halves and allow to marinate for a few hours.
Grill chicken over live coals or rotisserie until browned. Alternatively, lightly pan-fry and cook them.
Combine butter, tomato purée, and the remaining lemon juice. Mix in the leftover marinade from the chicken. Bring this mixture to a boil and simmer for a few minutes. Remove from the heat, and stir in the cream.
Place the chicken on a platter, and spread the sauce over top. Garnish with mint sprigs, and serve hot."
46,"Cut the chicken into eight pieces.
Add the oil to a medium sauté pan. Sauté the onions for about 3–4 minutes or until they turn yellow.
Add the chicken, peppercorns, salt, and paprika, and stir it rapidly. It is a lot of paprika, but it is not hot and this is a Paprikash. Add water immediately to cover the meat.
Simmer over low heat. If using, add peppers and carrots after 10 minutes of simmering. Stir occasionally until the chicken is tender. If necessary add more water, but very sparingly. Do not boil the chicken—it should be almost fried in the end. This takes about 45–50 minutes. During the last 15 minutes, stop adding water and wait until the liquid is almost boiled off. Keep about a half finger's width of gravy on the bottom of the pan
Add the sour cream and heavy cream to the gravy and stir. Add fresh chopped parsley on the top.
Serve with dumplings, rice or mashed potatoes and salad."
47,"Melt the butter in a non-stick pan. Fry the garlic, chilli, and scallion, stirring, for 15 seconds.
Add the chicken and carrot. Cook until the chicken changes color from pink to white.
Add the rice, then the oyster sauce, Worcestershire sauce, salt, and pepper. Continue to cook until well-combined.
Serve hot with the sides."
48,"Blend together the red bell pepper, bird's eye chillies, garlic cloves, onion, thyme, black pepper, salt or to your taste, paprika, vinegar, lemon juice, olive oil, and bouillon cubes to make a marinade.
Pour the marinade over the chicken in a large bowl. Use your hands to massage the marinade into the chicken, then cover the bowl and leave it in the fridge for at least 1 hour and up to overnight. The longer it marinates, the better the flavor.
Arrange the chicken in a baking pan, and pour the marinade over it.
Bake in a preheated 350 °F oven for 30 minutes, basting the chicken periodically. Flip the chicken over and bake for another 30 minutes.
Turn on the broiler of your oven, and broil the chicken for about 3–5 minutes to char it.
Serve hot."
49,"Preheat the oven to 350 °F.
Trim excess fat of chicken and pat dry with a cloth or paper towel.
Season chicken with salt, garlic, ginger, thyme, smoked paprika, green onions, chicken bouillon cube, and onions. Let rest in the fridge for at least 2 hours to season well.
Combine the tomatoes, onions, green onions, and red or green pepper in a Dutch oven. Add the chicken, and cover with the lid.
Place it in the oven, and bake for about an hour or until the chicken is cooked through. Shake the pot once or twice during cooking without opening the pot.
Remove from the oven. Serve with attieke or white rice and enjoy."
50,"Wash the lentils in sieve and cook them over low heat in the 1 litre of water for 40–50 minutes.
About 20 minutes before the end of the cooking, add the carrot, onion, potatoes, garlic, sausages, bay leaf, and pork belly.
After cooking, put the pot on the side and keep it warm.
Melt the butter in the little pot, add the flour, and cook carefully until brown, stirring the whole time.
Slowly and gradually add the ⅓ litre water, and bring to a boil.
Add the tomato paste, vinegar, and honey. Season with salt and pepper to your liking.
Stir the sauce into the lentils, mix well, and keep warm."
51,"Cut the chicken into 8–10 pieces.
Combine the buttermilk and spices, and marinate the chicken pieces for 4 hours in the mixture.
Take each chicken piece out of the marinade and allow it to drip dry for a few seconds. Then, dredge it in seasoned flour. An easy way to dredge involves putting flour and seasonings in a small plastic bag, dropping the piece in, and shaking.
Let the pieces rest (separately; do not stack) for about 10 minutes. Then dredge them again. The first dredging absorbs the buttermilk marinade. The second dredging gives a seasoned flour outer coat.
Heat the oil in a deep, wide pan. When oil is smoking hot, drop chicken pieces into the pan, and be careful to not overcrowd (pieces should not touch; fry in multiple batches). After 3 or 4 minutes, turn the chicken, and reduce the heat. Let the chicken fry for 20–25 minutes, turning the pieces every few minutes. When the chicken is a deep golden-brown, and the juices run clear, it's done. The chicken will continue to cook after being removed from the pan, so err on the side of ""just about done"".
Drain the chicken on absorbent paper or cloth. If you are not serving the chicken immediately, place it in a lightly-warmed oven, uncovered, separately (not stacked).
Pour off the accumulated oil from the pan, reserving 3–4 tablespoons and all the flour and chicken residue. Keeping the pan on medium flame, add the chopped onion and garlic. Sauté for a few minutes. Whisk in 3–4 tablespoons of flour, and keep stirring until the mixture becomes light to medium brown. Do not burn.
Whisk in 3 cups of chicken stock. Simmer over low heat, covered, for 15 minutes. Salt and pepper to taste.
Serve chicken with rice and some green vegetables. Spoon gravy over rice and chicken."
52,"Rinse and thoroughly drain garbanzo beans. Place about ⅔ of them in a blender or food processor with 2 cups of broth and/or water, and purée until mostly smooth. Set aside.
Place a soup pot or Dutch oven over medium heat and wait for about a minute. Add olive oil and swirl to coat the pan.
Add onion and sauté over medium heat for about 5–8 minutes, or until onion is translucent.
Add half the garlic plus the potato, carrot, and celery and about ⅛ teaspoon salt, and sauté over medium-low heat for 5 to 8 minutes.
Add garbanzo purée, plus remaining broth and/or water and garbanzo beans, and the bay leaf, mustard, cumin, and saffron.
Bring to boil, then lower the heat.
Cover and simmer for about 30 minutes, stirring occasionally.
Stir in the remaining garlic, plus the peas, vinegar, and tomato.
Taste to correct salt.
Add black pepper and cayenne.
Simmer for only about 5 minutes longer."
53,"Place beans in a large pot, add with enough water to cover by 2 inches (2.5 cm), and allow to soak overnight. Drain beans and cover again with fresh water. Bring to boil, reduce heat, and simmer for 2 hours.
Heat the corn oil in a stockpot or other very large pot over medium-high heat. Add the onions and sauté until tender, about 3 minutes. Add garlic, chipotle and ancho chiles, cumin, paprika, oregano, salt, cayenne, and vinegar, and sauté for 5 to 10 minutes.
Add tomatoes, tomato puree, and the water. Bring to a boil, then reduce heat and simmer for 10 minutes. Add the beans with their juice. Simmer for 1 hour.
Serve with or without sour cream."
54,"In a large pot or Dutch oven, heat the olive oil over medium heat.
Add the finely chopped onion to the pot and sauté until it becomes translucent and slightly golden.
Stir in the minced garlic and cook for another minute until fragrant.
Add the rinsed red lentils to the pot and stir to coat them with the onion and garlic mixture.
Sprinkle the ground cumin, ground coriander, ground paprika, and ground turmeric over the lentils. Stir well to combine and coat the lentils with the spices.
Pour in the vegetable broth or water, ensuring that the lentils are fully submerged.
Bring the mixture to a boil, then reduce the heat to low and cover the pot. Let the soup simmer for about 20–25 minutes or until the lentils are tender and fully cooked.
Using a blender, purée the soup until smooth and creamy. If using a regular blender, allow the soup to cool slightly before blending, and be careful when transferring hot liquids.
Return the soup to the pot and place it back over low heat.
Stir in the lemon juice and season the soup with salt and pepper to taste. Adjust the seasoning according to your preference.
Continue to heat the soup for a few more minutes until it is warmed through.
Ladle the soup into bowls and garnish with chopped parsley or cilantro. Serve hot."
55,"In a Dutch Oven or large soup pot, heat oil over medium heat.
Sauté onion, red pepper, garlic, saffron, and potatoes, stirring occasionally, until the potatoes start to soften, about 15 minutes.
Stir in paprika, then sherry and cook about 1 minute.
Add chickpeas, tomatoes, stock, salt and pepper.
Bring to a boil, reduce heat to low, and cook partially covered until potatoes are tender and stew thickens, 30–40 minutes.
Remove from heat and let stand about 15 minutes to meld flavors and thicken slightly.
To serve, make a pyramid of rice in the center of each of 4 bowls, then ladle hot stew around rice.
Garnish with parsley, if desired."
56,"Preheat oven to 400°F.
Shred tuna and stir into 3-quart casserole with milk, noodles, peas, and soup. Add onions and hot sauce if desired.
Bake until hot, about 25–30 minutes.
Remove from oven, and top with bread crumbs mixed with butter or with cheese.
Bake another 5 minutes."
57,"In a medium saucepan, melt butter; add onion and celery and cook until tender.
Add potatoes, corn, salt, pepper, water, bouillon cubes, and thyme.
Cover and simmer for 15 minutes, or until potatoes and corn are tender.
Add milk and cream.
Heat through."
58,"Preheat oven to 350°F (175°C).
Cook macaroni according to package directions; drain.
In a large bowl, combine cheese, macaroni, milk, dry mustard, onion, soup, and salt.
Add salmon and frozen peas.
Place in a greased 9 x 13-inch pan.
Cover mixture with bread crumbs; drizzle with melted butter.
Bake for 45 minutes."
59,"Cut the chicken into 2 cm (¾ inch) cubes.
Beat the egg, light soy sauce, and seasoning in a bowl.
Add the chicken pieces to the egg mixture, and stir in the cornstarch to thicken the mixture.
Mix the sauce ingredients in another bowl and set aside until needed. Stir out any lumps.
Heat the oil in a wok (if deep frying, aim for 180°C or 350°F).
If deep frying, fry the pieces of battered chicken a few at a time until crispy (around 3 minutes). If shallow-frying, fry until the chicken is cooked and the batter is golden. Remove excess oil from the chicken pieces after frying.
After frying the chicken, empty and wipe clean the wok. Add 2 tbsp oil back to the wok, and return to the heat.
Fry the spring onions and chili peppers together for about 30 seconds.
Add the chicken pieces back to the wok, and stir fry with the vegetables until browned.
Stir sauce and add to wok. After the sauce comes to a boil, cook for about 1 minute or until sauce thickens. The exact time will depend partly on how much cornstarch you added.
Remove from heat and serve immediately."
60,"Heat the olive oil in a very large saucepan.
When oil is hot, add curry powder, potatoes, onions, red peppers, and tomatoes. Stir and fry until potatoes are nearly done.
Reduce heat, then stir in crushed garlic, pine nuts, caraway, half the dried oregano, and chili powder.
In a separate pot (with a lid) bring 1 ¾ cup water to a boil.
While waiting for water to boil, make a rice spice mix from paprika, pinch of saffron, cumin, and remaining oregano.
Mix rice spice mix with basmati rice.
When water has begun to boil, reduce heat, add rice and rice spice mix. Cover and simmer for 10 minutes.
Add wine and bouillon cube to the tomato mixture, stir, and turn the heat to low. Simmer, stirring occasionally, while the rice is cooking.
Let rice simmer for another 10 minutes, then remove from the heat.
When the contents of the saucepan appear to be frying again instead of simmering, stir in the rice.
When liquid is absorbed by rice, stir in the beans.
Turn off heat and serve with cheese."
61,"Heat the olive oil in the pan, add the chopped garlic and onions, and fry gently for about 3 minutes until translucent but not coloured. Add the cayenne pepper and mix well in the pan.
Add the glass of white wine and allow to evaporate slightly.
Add the water, the stock cubes, the tomato paste, pepper, salt, pasta, and the 2 tins of beans, and allow to simmer gently for as long as the pasta needs to cook (see packet) stirring occasionally.
Once the pasta is al dente, stop the cooking process, add the chopped parsley and the cream, and stir in well.
Add the rosemary sprig, and allow the whole thing to infuse for about 2 hours.
Buon appetito Wikibookians!"
62,"In a wide, shallow bowl combine flour, salt, black pepper, hot pepper, oregano and garlic. Roll chicken pieces in flour mixture.
In a large pot, melt margarine over medium-high heat. Add chicken and cook for 3–5 minutes or until brown. Remove from pot and set aside. Add a bit of white wine or grappa to deglaze and pour drippings over chicken
Add green pepper and onion to pot, and sauté until onion is translucent.
Add rice, tomatoes, broth, and a dash of lemon juice. Stir. Salt and pepper to taste. Cover and cook over low heat for 12 minutes.
Return chicken to pot. Reduce heat to low, cover, and cook until chicken is tender. Add a bit more oregano and some chopped parsley."
63,"Sauté onions and mushrooms in butter until lightly brown, then set aside.
Mix all of the hamburger ingredients together until well-mixed, and let rest for 15 minutes.
Heat grill to medium-high.
Divide hamburger mix into 4 equal balls.
Form patties by slapping the burgers back and forth from one palm to the other until they are about an inch thick.
Grill burgers to desired doneness, turning every few minutes and adding cheese after the last flipping of the burgers
Serve on the buns, with the onion/mushroom mixture, a dollop of sour cream, and a thin slice of cream cheese."
64,"In a large pot, heat the palm oil over medium heat.
Add the chopped onions and minced garlic to the pot. Sauté until the onions are soft and translucent.
If using meat, add the meat pieces to the pot and cook until they are browned on all sides.
Pour in the chicken broth or water and bring the mixture to a simmer.
Add the diced tomato, bell pepper, and chopped hot pepper (if using) to the pot. Stir well to combine with the other ingredients.
Gently add the diced eggplant to the pot and stir to incorporate with the other ingredients.
Season the stew with ground pepper and salt to taste. Adjust the seasoning according to your preference.
Let the stew simmer for about 20–25 minutes or until the eggplant is tender and cooked through.
Stir occasionally during cooking to prevent sticking and to ensure even cooking.
Remove the pot from the heat and let the stew rest for a few minutes before serving."
65,"In a storage container, mix together 2 tbsp soy sauce with 2 tsp crispy chilli. Cube the tofu and add to the mixture in the container, mixing thoroughly to marinate.
Cut the potatoes into small 1 cm cubes and heat the vegetable oil in a frying pan. Add the potatoes and fry for 15–20 minutes. Remove from heat and then let drain and cool on kitchen roll (paper towels).
While the potatoes are cooking, slice the red onion and cut the red bell peppers into large chunks.
In the same pan, fry the tofu for 10 minutes then, remove and drain on kitchen roll.
While the potatoes are cooking, cut the tomatoes into eighths and remove the seeds.
In the same pan, fry the red onion for around 5 minutes. Then add the red bell pepper and fry them with the onion for about 3 minutes.
Add the tomatoes, garlic, spices, vinegar, remaining soy sauce and crispy chilli, and 5 tbsp of water, and cook for 5 minutes.
Chop the mint and fresh coriander (cilantro) together.
Add the tofu back to the pan along with about 40 grams of the fresh coriander (cilantro) and fresh mint mixture and toss.
Serve the tofu mixture over the fried potatoes along with a sprinkling of fresh herbs on top."
66,"Heat olive oil in a medium saucepan.
Lightly brown the chicken breasts in the oil—don't cook them through.
Add the onion and fry for a couple of minutes.
Add peach (if you're using peach) and fry for another minute.
Cut the tomatoes in half and add them.
Add everything else and simmer, covered, for 45 minutes, stirring occasionally.
Remove the lid and let it simmer for about 15 more minutes.
In the meantime, cook the pasta according to the directions on the package.
Remove cinnamon sticks from sauce. Serve over hot pasta with freshly-grated Parmesan and garlic bread."
67,"In a 4-quart saucepan over medium-high heat, brown beef in margarine.
Add onion; cook until tender.
Stir in beef broth, water, celery, and basil; bring to a boil.
Cover; reduce heat and simmer 1 hour.
Add tomatoes, carrots, noodles; bring to a boil.
Reduce heat and simmer, uncovered, 25 minutes.
Stir in spinach; cook 5 minutes more."
68,"Put a large casserole on the stove on medium heat.
When the casserole is hot, add enough olive oil to just cover the bottom.
Cut the zucchini and eggplant into ½ inch slices. Then, cut these into rectangles of about 3x1 inches. Add to the casserole.
Sauté the slices until light brown; remove from pan and set aside temporarily.
Chop the onions and garlic. Cut the green pepper into strips or dice, as preferred.
Add some additional oil if needed, and cook the onions and peppers slowly for about 10 minutes until tender but not brown. Stir in the garlic.
Peel and seed the tomatoes. Dice them or cut them into quarters, add to the casserole. Add some salt to bring out their juices. Cover and lower the heat.
Five minutes later, check to see if the tomatoes have made enough juice to almost cover the vegetables—if so, perfect; if not, add water as needed (not too much).
Add salt, pepper and Herbes de Provence to taste. In general, 1 tsp of salt, ½ tsp of pepper, and 1 tbsp of the herbs will suffice.
Add the zucchini and eggplant back and blend gently with the tomato-onion-pepper mixture. Cover the casserole and let simmer on low heat until the vegetables are tender but still intact, 10–20 minutes, or to taste.
Remove the lid, raise the heat a little and cook uncovered for another 15 minutes, basting frequently until the liquids have mostly evaporated, leaving a small amount of juice and olive oil."
69,"Preheat the oven to 180°C (350°F).
Wash the eggplants and cut off the stem end. Slice each eggplant in half lengthwise.
Use a spoon to carefully hollow out the eggplant halves, leaving about a ½-inch thick shell. Set aside the hollowed-out eggplant flesh to use in the filling.
In a mixing bowl, combine the ground beef or lamb, rinsed rice, finely chopped onion, minced garlic, fresh parsley, fresh dill, fresh mint, tomato paste, ground cumin, ground paprika, ground cinnamon, salt, and pepper. Mix well until all the ingredients are thoroughly combined.
Stuff each hollowed-out eggplant half with the meat and rice filling, packing it firmly into the shell.
Arrange the stuffed eggplants in a baking dish, making sure they fit snugly.
Drizzle the stuffed eggplants with olive oil to keep them moist and enhance the flavor.
Cover the baking dish with foil and bake in the preheated oven for about 45–50 minutes, or until the eggplants are tender and the filling is cooked through.
Once cooked, remove the foil and continue baking for an additional 10–15 minutes to allow the tops to brown slightly.
Remove the eggplant from the oven and let them cool for a few minutes before serving.
Serve the mahshi betinjan hot as a main course, garnished with fresh herbs if desired. It pairs well with a side of Egyptian bread, rice, or a salad."
70,"Place the rinsed red lentils in a large pot and add the water. Bring to a boil over medium-high heat.
Reduce the heat to low and simmer the lentils for about 15–20 minutes or until they are soft and cooked through. Stir occasionally to prevent sticking. Once cooked, remove from heat and set aside.
In a separate large pot, heat the olive oil over medium heat.
Add the chopped onion to the pot and sauté until it becomes translucent and slightly browned.
Add the minced garlic to the pot and sauté for an additional minute until fragrant.
Stir in the berbere spice blend, tomato paste, ground cumin, ground turmeric, salt, and black pepper. Mix well to combine the spices with the onions and garlic.
Add the cooked lentils to the pot, including any remaining cooking liquid. Stir well to incorporate the lentils with the spices.
Bring the mixture to a simmer and cook for an additional 20 minutes, stirring occasionally, to allow the flavors to meld together.
Taste the stew and adjust the seasoning with salt and pepper if needed.
Remove the pot from the heat and let rest for a few minutes before serving.
Garnish with fresh chopped parsley or cilantro. Enjoy hot with injera or bread."
71,"Bone and dice the chicken.
Heat a small amount of vegetable oil in a large frying pan until it starts to smoke.
Add the chicken cubes and fry over medium-high heat, stirring frequently, until they are browned (2–3 minutes).
To the chicken, add the drained kidney beans, salt and chili powder.
Reduce heat and simmer 10 minutes.
Chop the tomatoes, onion and lettuce.
Grate the cheese.
Toss them together in a salad bowl with the salad dressing and picante sauce.
Slice the avocado and add to the salad.
Break the tortilla chips into flakes and add to the salad.
Mix the cooked chicken and beans into the cold salad.
Decorate with extra chips and slices of avocado and tomato.
Serve immediately."
72,"Heat a large non-stick skillet or griddle over low heat while preparing ingredients.
Mix flour, sugar, salt, baking powder, and baking soda in medium bowl.
Microwave buttermilk and milk in a 2-cup Pyrex measuring cup to room temperature, 20 to 30 seconds.
Whisk in egg, butter, and almond extract.
Add wet ingredients to dry ingredients and whisk until just mixed.
Return batter to measuring cup, stirring in a teaspoon or two of water, if necessary, to make a thick, but pourable batter.
Increase heat to medium and generously brush skillet or griddle with oil.
When oil starts to spider, but before it starts to smoke, pour batter, about ¼ cup (60 ml) at a time.
Work in batches, if necessary, to avoid overcrowding.
When pancake bottoms are golden brown and tops start to bubble, 2 to 3 minutes, flip pancakes.
Cook until pancakes are golden brown on remaining side.
Repeat, brushing skillet or griddle with oil.
Serve hot."
73,"Mix the ingredients and pour them into a 9-inch (20 cm) baking pan. They can also be mixed in the pan, but it's a little tricky not to spill.
Bake at 350 °F (175 °C) for 40–45 minutes.
Serve hot, cold, and with or without milk—the choice is yours."
74,"Sift together flour, sugar, baking powder, cream of tartar, salt, cinnamon and nutmeg. Set aside.
Whisk together buttermilk, butter and egg yolks in a large bowl. Mix flour mixture into buttermilk mixture. Mix in blueberries.
Whip egg whites in a small bowl until stiff, but do not let dry peaks form. Fold into pancake batter.
Heat a large pan or griddle over medium heat. Lightly spray or brush with vegetable oil. Ladle in a ¼ cup of batter for each pancake; cook until set and bubbly on the top. Turn pancake over, then cook for 1 more minute.
Serve warm with whatever topping you prefer."
75,"Turn waffle iron on high.
Put all ingredients in a blender and blend on high until the contents are smooth. Let the mixture sit for 10–15 minutes.
Spray the waffle iron with non-stick cooking spray.
Pour some of the batter onto the waffle iron. Cook for about 10 minutes. Repeat until you are out of batter."
76,"In a medium bowl stir together flour, brown sugar, and oatmeal. If the room temperature is a bit warm, you should cool this mixture in the fridge.
Prepare the apples. This should be completed before mixing butter into the topping. It is helpful to choose apples that do not brown quickly; Granny Smith apples are a good choice. Do not use Red Delicious apples; they turn to mush. Place the apples into a 9-inch (23 cm) square baking dish; glass is best.
Add the butter or margarine to the topping. Mix it via a slicing action, so that the butter or margarine forms tiny little chunks and does not melt or smear. A pair of butter knives, used like scissors, is good for this. You must work quickly once you start this step.
Sprinkle the topping onto the apples. You may pat it down just a bit.
Bake for about 30 minutes in a 375 °F (190°C) oven. Do not remove the crisp before the top is dark brown. Black spots indicate burning. It is better to burn a few small spots, which you can then remove, than to risk undercooking the topping."
77,"Preheat oven to 375°F.
Melt margarine in quart size baking pan or dish. Set aside.
Mix baking powder, flour, sugar, and milk. Pour this batter over the melted margarine, and do not stir.
Arrange peaches over the batter.
Bake 20–30 minutes."
78,"Wash and dry the strawberries and lemon.
Slice strawberries into small pieces.
Combine strawberries and sugar.
Roll a lemon on a counter while applying pressure with the palm of one hand. Cut lemon in half and squeeze both halves through a strainer into the strawberry mixture.
Remove any remaining seeds from the lemon halves and add them, with the rind, to the strawberry mixture.
Allow strawberry mixture to macerate for 1–2 hours, stirring occasionally until all of the sugar crystals are dissolved.
Discard lemon halves, then orange liqueur to the strawberry mixture.
Use a blender or food processor to reduce the strawberry mixture to a purée, but don't over-blend.
Stir the Greek yogurt into to the strawberry mixture, mixing until well combined.
Refrigerate strawberry yogurt mixture for at 4 four hours.
Pour strawberry yogurt mixture into a prepared ice cream maker, and mix for approximately 20 minutes, or until the frozen yogurt has reached a firm consistency.
Eat immediately, or freeze for later."
79,"Allow the gelatin to bloom in 1 Tbsp of the cream for about 5 minutes.
Combine the remaining ingredients in a medium saucepan over medium heat, and stir occasionally until the sugar dissolves and tiny bubbles appear around the edge of your pan.
Remove from heat and add the gelatin, stirring until it is thoroughly incorporated.
Pour the cream mixture into small ramekins and allow to set in the refrigerator for at least 4 hours, up to overnight.
Serve with fresh fruit, balsamic vinegar, port, or a sweet sauce."
