recipe_id,recipe_name,ingredient_id,ingredient_name,quantity,unit,weight_gram,source_ingredient_text,match_type
1,20-Minute Beef Stroganoff,152,Pasta,8,oz,230,8_oz (230_g) wide egg noodles (figures are for yolk-free noodles),normalized_or_substitute
1,20-Minute Beef Stroganoff,133,Olive oil,1,teaspoon,,1 teaspoon olive oil,exact_name
1,20-Minute Beef Stroganoff,117,Mushrooms,1,package,230,1 package (8_oz/230_g) sliced mushrooms,exact_name
1,20-Minute Beef Stroganoff,119,Onion,1,cup,150,1 large (1 cup/150_g/5.3_oz) coarsely-chopped onion,exact_name
1,20-Minute Beef Stroganoff,16,Beef steak,1,package,480,1 package (17_oz/480_g) prepared beef tips with gravy,normalized_or_substitute
1,20-Minute Beef Stroganoff,1,Milk (whole),0.25,cup,,¼ cup (60_ml/2.0_US fl_oz) skim milk,exact_name
1,20-Minute Beef Stroganoff,117,Mushrooms,1,can,305,1 can (10.75_oz/305_g) condensed cream of mushroom soup (figures are for fat-free),normalized_or_substitute
1,20-Minute Beef Stroganoff,114,Garlic,1,teaspoon,,1 teaspoon bottled minced garlic,exact_name
1,20-Minute Beef Stroganoff,8,Sour cream,0.5,cup,,½ cup (250_ml/8.5_US fl_oz) sour cream (figures are for reduced-fat),exact_name
1,20-Minute Beef Stroganoff,120,Parsley,0.25,cup,124.74,¼ cup (125_g/4.4_oz) finely-chopped fresh parsley,exact_name
2,African Cabbage Stew,163,Oil,2,tablespoons,,2 tablespoons avocado oil,normalized_or_substitute
2,African Cabbage Stew,119,Onion,2,count,,"2 medium-size onions, neatly chopped",exact_name
2,African Cabbage Stew,114,Garlic,4,count,,"4 medium-size garlic, minced",exact_name
2,African Cabbage Stew,106,Celery,3,stalks,,"3 medium-size stalks celery, minced",exact_name
2,African Cabbage Stew,102,Green cabbage,1,count,,"1 medium-size cabbage, neatly cut",normalized_or_substitute
2,African Cabbage Stew,145,Potatoes,2,count,,"2 medium-size potatoes, neatly cut",exact_name
2,African Cabbage Stew,94,Carrots,3,count,,"3 medium-size carrots, neatly chopped",exact_name
3,Agnolotti Pasta Soup (Agnolotti in Brodo),152,Pasta,250,grams,250,250 grams (8__9 ounces) of agnolotti or other small ravioli-type pasta,exact_name
3,Agnolotti Pasta Soup (Agnolotti in Brodo),139,Cooking cream,0.5,cup,,½ cup of single (light) cream,normalized_or_substitute
3,Agnolotti Pasta Soup (Agnolotti in Brodo),120,Parsley,1,count,,1 handful of chopped flat-leaf parsley,exact_name
3,Agnolotti Pasta Soup (Agnolotti in Brodo),12,Parmesan cheese (dry grated),0,garnish,,Freshly-grated Parmesan cheese (Parmigiano-Reggiano) for garnish,exact_name
4,Albanian Fried Meatballs,150,Bread,1,slice,,1 slice stale bread,exact_name
4,Albanian Fried Meatballs,164,Ground meat (beef/pork blend),1,lb,453.59,1 lb ground meat,exact_name
4,Albanian Fried Meatballs,119,Onion,1,count,,"1 small onion, finely-grated",exact_name
4,Albanian Fried Meatballs,9,Cheddar cheese,2,tablespoons,,2 tablespoons chopped feta cheese,normalized_or_substitute
4,Albanian Fried Meatballs,150,Bread,2,tablespoons,,2 tablespoons bread crumbs,exact_name
4,Albanian Fried Meatballs,129,Butter,2,tablespoons,,2 tablespoons oil or melted butter,exact_name
4,Albanian Fried Meatballs,120,Parsley,1,tablespoon,,1 tablespoon chopped parsley,exact_name
4,Albanian Fried Meatballs,154,Flour (all purpose),1,cup,,1 cup flour,exact_name
4,Albanian Fried Meatballs,133,Olive oil,1,cup,,1 cup oil (olive oil recommended),exact_name
5,Albanian Mixed Vegetables,145,Potatoes,2,lbs,907.18,"2 lbs of various vegetables (peppers, eggplant, okra, zucchini, potatoes, etc.)",exact_name
5,Albanian Mixed Vegetables,163,Oil,0.5,cup,,"½ cup oil, divided",exact_name
5,Albanian Mixed Vegetables,119,Onion,1,cup,,1 cup chopped onion,exact_name
5,Albanian Mixed Vegetables,96,Tomatoes,1,cup,,1 cup peeled chopped tomatoes,exact_name
5,Albanian Mixed Vegetables,120,Parsley,1,tablespoon,,1 tablespoon chopped parsley,exact_name
6,Chicken Curry,22,Chicken breast,4,lb,1814.37,4 lb chicken,normalized_or_substitute
6,Chicken Curry,121,Chili pepper,0.5,teaspoon,,½ teaspoon red chile powder,normalized_or_substitute
6,Chicken Curry,4,"Yogurt (whole milk, plain)",100,ml,,100 ml coconut yogurt,exact_name
6,Chicken Curry,121,Chili pepper,1,teaspoon,,1 teaspoon chile powder,normalized_or_substitute
6,Chicken Curry,131,Coconut oil,1,tablespoon,,1 tablespoon coconut oil,exact_name
6,Chicken Curry,96,Tomatoes,500,g,500,"500 g tomatoes, diced",exact_name
6,Chicken Curry,4,"Yogurt (whole milk, plain)",150,ml,,150 ml coconut yogurt,exact_name
6,Chicken Curry,145,Potatoes,200,g,200,200 g potatoes,exact_name
6,Chicken Curry,119,Onion,1,count,,1 medium onion,exact_name
7,Black Bean Stir-Fry,114,Garlic,3,cloves,,"3 cloves garlic, minced",exact_name
7,Black Bean Stir-Fry,121,Chili pepper,1,teaspoon,,"1__2 fresh hot chiles, minced (or ½ teaspoon hot red pepper flakes)",normalized_or_substitute
7,Black Bean Stir-Fry,118,Green onions,4,pieces,,"4 scallions, separated: white part minced, green part cut on the diagonal in ½-inch pieces",normalized_or_substitute
7,Black Bean Stir-Fry,42,Chickpeas (canned),3,tablespoons,,3 tablespoons Chinese black beans,normalized_or_substitute
7,Black Bean Stir-Fry,134,Sesame oil,0.5,teaspoon,,½ teaspoon sesame oil,exact_name
7,Black Bean Stir-Fry,153,Rice,1,tablespoon,,1 tablespoon rice wine or sherry,exact_name
7,Black Bean Stir-Fry,34,Mussels (raw),2,pounds,450,"2 pounds (900 g) shellfish (clams, mussels, crabs, and/or lobster) or 1 pound (450 g) of shrimp, fish, poultry, or pork",exact_name
7,Black Bean Stir-Fry,163,Oil,1.5,tablespoons,,1½ tablespoons canola oil,exact_name
7,Black Bean Stir-Fry,119,Onion,0.5,cup,,½ cup onion cubes,exact_name
7,Black Bean Stir-Fry,122,Green bell pepper,1,count,,"1 red bell pepper or ½ red and ½ green peppers, cut in cubes",normalized_or_substitute
7,Black Bean Stir-Fry,94,Carrots,2,cups,,"2__3 cups, thinly sliced vegetables (cabbage, snow peas, and/or carrots",exact_name
7,Black Bean Stir-Fry,153,Rice,0,optional,,"Steamed white rice, optional",exact_name
8,Greek Moussaka,113,Eggplant,1,count,,1 large eggplant (aubergine),exact_name
8,Greek Moussaka,133,Olive oil,0,as_needed,,Greek olive oil,exact_name
8,Greek Moussaka,119,Onion,1,count,,"1 large onion, chopped",exact_name
8,Greek Moussaka,114,Garlic,6,cloves,,"6 cloves of garlic, chopped",exact_name
8,Greek Moussaka,133,Olive oil,3,tablespoons,,3 tablespoons olive oil,exact_name
8,Greek Moussaka,18,Ground beef,1,kg,1000,1 kg (2.2 lbs) minced/ground beef or lamb,exact_name
8,Greek Moussaka,96,Tomatoes,1,oz,800,1 large tin (28 oz/800 g) diced tomatoes,exact_name
8,Greek Moussaka,120,Parsley,2,tablespoons,,2 tablespoons chopped fresh parsley,exact_name
8,Greek Moussaka,108,Basil,2,tablespoons,,2 tablespoons chopped fresh Greek basil (optional),exact_name
8,Greek Moussaka,129,Butter,3,tablespoons,,3 tablespoons butter,exact_name
8,Greek Moussaka,154,Flour (all purpose),4,tablespoons,,4 tablespoons plain flour,exact_name
8,Greek Moussaka,1,Milk (whole),2,cups,,2 cups (½ L) milk,exact_name
8,Greek Moussaka,12,Parmesan cheese (dry grated),0.5,cup,,½ cup (120 ml) freshly-grated Parmesan cheese,exact_name
8,Greek Moussaka,9,Cheddar cheese,1,cup,,"1 cup (250 ml) grated cheese (e.g. Edam, etc.)",normalized_or_substitute
8,Greek Moussaka,146,Eggs,1,count,,1 egg,normalized_or_substitute
9,Potato and Chicken Stew (Ajiaco),22,Chicken breast,1,g,750,1 ea. (approximately 750 g) whole skin-on bone-in chicken breast,exact_name
9,Potato and Chicken Stew (Ajiaco),119,Onion,1,count,,"1 onion, peeled",exact_name
9,Potato and Chicken Stew (Ajiaco),118,Green onions,2,count,,2 scallions (white part and first 2 cm of green),normalized_or_substitute
9,Potato and Chicken Stew (Ajiaco),94,Carrots,2,count,,"2 carrots, peeled",exact_name
9,Potato and Chicken Stew (Ajiaco),114,Garlic,4,cloves,,"4 cloves garlic, peeled",exact_name
9,Potato and Chicken Stew (Ajiaco),110,Cilantro,4,count,,4 sprigs fresh cilantro,exact_name
9,Potato and Chicken Stew (Ajiaco),145,Potatoes,0.5,kg,500,0.5 kg small yellow potatoes. peeled,exact_name
9,Potato and Chicken Stew (Ajiaco),145,Potatoes,0.5,kg,500,0.5 kg small purple potatoes. peeled,exact_name
9,Potato and Chicken Stew (Ajiaco),145,Potatoes,0.5,kg,500,"0.5 kg mashing potatoes, peeled and sliced 2 cm thickness",exact_name
9,Potato and Chicken Stew (Ajiaco),155,Green peas,0.25,ml,,0.25 ml frozen peas,normalized_or_substitute
9,Potato and Chicken Stew (Ajiaco),111,Corn,4,count,,"4 ears of corn, quartered lengthwise and cooked",exact_name
9,Potato and Chicken Stew (Ajiaco),7,Heavy cream,10,ml,,10 ml whipping cream mixed with 10 ml créme fraíche,normalized_or_substitute
9,Potato and Chicken Stew (Ajiaco),64,Avocado,2,slices,,"2 ripe but firm Hass avocados, peeled, pitted and cut into eight slices right before serving",exact_name
9,Potato and Chicken Stew (Ajiaco),110,Cilantro,10,ml,,10 ml of finely chopped cilantro,exact_name
10,Easy Chicken Soup,117,Mushrooms,0.5,g,15,½-ounce (15 g) package dried crimini or portobello mushrooms,exact_name
10,Easy Chicken Soup,154,Flour (all purpose),0.5,cup,60,½ cup (60 g) all-purpose flour,exact_name
10,Easy Chicken Soup,22,Chicken breast,1.25,pounds,566.99,"1¼ pounds (570 g) boneless, skinless chicken thighs, halved",normalized_or_substitute
10,Easy Chicken Soup,129,Butter,2,tablespoons,,2 tablespoons butter,exact_name
10,Easy Chicken Soup,133,Olive oil,1,tablespoon,,1 tablespoon olive oil,exact_name
10,Easy Chicken Soup,119,Onion,1,count,,"1 large yellow onion, diced",exact_name
10,Easy Chicken Soup,114,Garlic,3,cloves,,"3 large cloves garlic, minced",exact_name
10,Easy Chicken Soup,108,Basil,0.25,teaspoon,,¼ teaspoon basil,exact_name
10,Easy Chicken Soup,155,Green peas,0.75,cup,,¾ cup frozen peas,normalized_or_substitute
10,Easy Chicken Soup,94,Carrots,2,count,,"2 carrots, cut into small rounds",exact_name
10,Easy Chicken Soup,152,Pasta,1,cup,,"1 cup small pasta, like elbows or shells",exact_name
10,Easy Chicken Soup,106,Celery,2,stalks,,"2 celery stalks, chopped",exact_name
10,Easy Chicken Soup,120,Parsley,0.5,cup,,½ cup chopped fresh parsley,exact_name
11,Kung Pao Chicken,22,Chicken breast,1,lb,453.59,"1 lb boneless, skinless chicken meat, cut into 1-inch cubes",normalized_or_substitute
11,Kung Pao Chicken,153,Rice,2,tbsp,,2 tbsp sherry or rice wine,exact_name
11,Kung Pao Chicken,163,Oil,4,tbsp,,4 tbsp cooking oil,exact_name
11,Kung Pao Chicken,161,Peanuts,0.5,cup,,½ cup shelled peanuts,exact_name
11,Kung Pao Chicken,121,Chili pepper,5,count,,5__10 small dried red chile peppers,normalized_or_substitute
11,Kung Pao Chicken,114,Garlic,1,tsp,,1 tsp crushed garlic,exact_name
11,Kung Pao Chicken,122,Green bell pepper,1,count,,"1 green bell pepper, cut into ½-inch dice",exact_name
11,Kung Pao Chicken,122,Green bell pepper,1,count,,"1 red bell pepper, cut into ½-inch dice",normalized_or_substitute
11,Kung Pao Chicken,142,Bamboo shoots,1,can,141.75,"1 can (5 oz) sliced bamboo shoots (optional), drained",exact_name
11,Kung Pao Chicken,106,Celery,3,stalks,,"3 stalks celery, chopped",exact_name
11,Kung Pao Chicken,118,Green onions,4,pieces,,"4 green onions, cut into ½-inch pieces, including green tops",exact_name
11,Kung Pao Chicken,153,Rice,2,tbsp,,2 tbsp rice vinegar,exact_name
11,Kung Pao Chicken,134,Sesame oil,1,tsp,,1 tsp sesame oil,exact_name
12,Three Sisters Stew,133,Olive oil,1,tablespoon,,1 tablespoon olive oil,exact_name
12,Three Sisters Stew,119,Onion,1,count,,"1 medium onion, chopped",exact_name
12,Three Sisters Stew,114,Garlic,2,cloves,,"2 cloves garlic, minced",exact_name
12,Three Sisters Stew,122,Green bell pepper,0.5,count,,"½ medium green or red bell pepper, cut into short, narrow strips",normalized_or_substitute
12,Three Sisters Stew,96,Tomatoes,1,can,425.24,"1 can (14__16 ounces) diced tomatoes, with liquid",exact_name
12,Three Sisters Stew,42,Chickpeas (canned),2,cups,,2 cups cooked or canned pinto beans,normalized_or_substitute
12,Three Sisters Stew,111,Corn,2,cups,,2 cups corn kernels (from 2 large or medium ears),exact_name
12,Three Sisters Stew,121,Chili pepper,1,count,,"1__2 fresh hot chiles, seeded and minced",normalized_or_substitute
12,Three Sisters Stew,110,Cilantro,3,tablespoons,,"3__4 tablespoons fresh cilantro, minced",exact_name
13,Spaghetti and Meatballs,152,Pasta,1,pound,454,1 pound (454 g) dry spaghetti,normalized_or_substitute
13,Spaghetti and Meatballs,164,Ground meat (beef/pork blend),2,pounds,907,2 pounds (907 g) ground chuck,normalized_or_substitute
13,Spaghetti and Meatballs,19,Pork chop,2,pounds,907,2 pounds (907 g) ground pork shoulder,normalized_or_substitute
13,Spaghetti and Meatballs,150,Bread,12,oz,340,12 oz (340 g) seasoned bread crumbs,exact_name
13,Spaghetti and Meatballs,12,Parmesan cheese (dry grated),1,cup,,1 cup (240 ml) grated Parmesan cheese or Romano cheese,exact_name
13,Spaghetti and Meatballs,120,Parsley,0.75,cup,,"¾ cup (180 ml) fresh parsley, minced",exact_name
13,Spaghetti and Meatballs,146,Eggs,4,count,,4 eggs,exact_name
13,Spaghetti and Meatballs,114,Garlic,1,tbsp,,1 ½ tbsp finely-minced garlic,exact_name
13,Spaghetti and Meatballs,133,Olive oil,0,as_needed,,Olive oil,exact_name
13,Spaghetti and Meatballs,114,Garlic,3,cloves,,3 garlic cloves,exact_name
13,Spaghetti and Meatballs,114,Garlic,4,cloves,,"4 cloves garlic, crushed or chopped",exact_name
13,Spaghetti and Meatballs,119,Onion,1,count,,"1 small onion, finely chopped",exact_name
13,Spaghetti and Meatballs,96,Tomatoes,28,oz,794,28 oz (794 g) crushed tomatoes,exact_name
13,Spaghetti and Meatballs,120,Parsley,1,count,,1 handful chopped flat-leaf parsley,exact_name
13,Spaghetti and Meatballs,108,Basil,10,count,,"10 leaves fresh basil, torn or thinly sliced",exact_name
14,Tagliatelle Bake,152,Pasta,500,g,500,500_g (1.1_lb) fresh tagliatelle pasta,exact_name
14,Tagliatelle Bake,133,Olive oil,5,tablespoons,,5 tablespoons olive oil,exact_name
14,Tagliatelle Bake,119,Onion,1,count,,"1 onion, chopped",exact_name
14,Tagliatelle Bake,94,Carrots,0.5,count,,"½ carrot, chopped",normalized_or_substitute
14,Tagliatelle Bake,106,Celery,1,count,,"1 stick of celery, chopped",exact_name
14,Tagliatelle Bake,18,Ground beef,200,g,200,200_g (7.1_oz) minced beef,normalized_or_substitute
14,Tagliatelle Bake,120,Parsley,1,count,,"1 handful of parsley, chopped",exact_name
14,Tagliatelle Bake,96,Tomatoes,400,g,400,400_g (14_oz) tin chopped tomatoes,exact_name
14,Tagliatelle Bake,12,Parmesan cheese (dry grated),1.75,cups,200,1¾ cups (200_g/7.1_oz) grated parmesan cheese,exact_name
14,Tagliatelle Bake,11,Mozzarella cheese (part-skim),200,g,200,200_g (7.1_oz) of mozzarella,normalized_or_substitute
14,Tagliatelle Bake,139,Cooking cream,0.75,cup,,¾ cup (200_ml/6.8_US fl_oz) cream,normalized_or_substitute
14,Tagliatelle Bake,108,Basil,0,as_needed,,A few basil leaves,exact_name
15,Pineapple Teriyaki,153,Rice,2,cups,,2 cups uncooked rice,exact_name
15,Pineapple Teriyaki,133,Olive oil,1,tbsp,,1__2 tbsp vegetable or olive oil,exact_name
15,Pineapple Teriyaki,22,Chicken breast,2,cups,,"2 cups cubed chicken, tofu, or vegetarian ""chicken"" (usually flavored, pressed gluten)",normalized_or_substitute
15,Pineapple Teriyaki,119,Onion,1,count,,"1 yellow or white onion, diced",exact_name
15,Pineapple Teriyaki,122,Green bell pepper,1,count,,"1__2 bell peppers (whatever color(s) you prefer), diced",normalized_or_substitute
15,Pineapple Teriyaki,117,Mushrooms,0,optional,,Some sliced mushrooms (optional),exact_name
15,Pineapple Teriyaki,114,Garlic,1,cloves,,"1__2 cloves garlic (optional), minced, depending upon your teriyaki sauce",exact_name
16,Curry Chicken I,22,Chicken breast,1,count,,1 whole chicken,normalized_or_substitute
16,Curry Chicken I,114,Garlic,4,cloves,,"4 cloves garlic, minced",exact_name
16,Curry Chicken I,121,Chili pepper,2,tsp,,2 tsp red chile powder,normalized_or_substitute
16,Curry Chicken I,4,"Yogurt (whole milk, plain)",150,ml,,150 ml yoghurt,normalized_or_substitute
16,Curry Chicken I,110,Cilantro,20,count,,20 coriander leaves,normalized_or_substitute
16,Curry Chicken I,119,Onion,2,count,,"2 onions, sliced into rings",exact_name
16,Curry Chicken I,121,Chili pepper,2,count,,2__3 green chiles,normalized_or_substitute
16,Curry Chicken I,96,Tomatoes,1,count,,"1 tomato, finely chopped",normalized_or_substitute
16,Curry Chicken I,133,Olive oil,2,tsp,,2 tsp olive oil or sunflower oil,exact_name
16,Curry Chicken I,47,Cashews (unsalted),3,count,,"3 cashews, ground",exact_name
16,Curry Chicken I,156,Coconut milk,100,ml,,100 ml coconut milk or cream (optional),exact_name
17,Tofu in Spiced Coconut Sauce,163,Oil,4,tbsp,,4 tbsp oil,exact_name
17,Tofu in Spiced Coconut Sauce,114,Garlic,1,cloves,,"1__2 garlic cloves, minced",exact_name
17,Tofu in Spiced Coconut Sauce,119,Onion,1,count,,"1__2 large onion, chopped coarsely",exact_name
17,Tofu in Spiced Coconut Sauce,44,Tofu,1,count,,"1 extra-firm or firm tofu block, cut into ¾-inch cubes",exact_name
17,Tofu in Spiced Coconut Sauce,8,Sour cream,0.5,cup,,½ cup sour cream,exact_name
17,Tofu in Spiced Coconut Sauce,4,"Yogurt (whole milk, plain)",0.5,cup,,½ cup 2% plain yogurt,exact_name
17,Tofu in Spiced Coconut Sauce,129,Butter,1,tbsp,,1 tbsp butter (optional),exact_name
17,Tofu in Spiced Coconut Sauce,156,Coconut milk,0.5,cup,,½ cup coconut milk (optional),exact_name
18,Tom Kha Kai,156,Coconut milk,2.5,cups,,2½ cups (600 ml) coconut milk,exact_name
18,Tom Kha Kai,22,Chicken breast,400,g,400,"400 g chicken, cubed",normalized_or_substitute
18,Tom Kha Kai,119,Onion,1,count,,"1 medium onion, quartered",exact_name
18,Tom Kha Kai,96,Tomatoes,1,count,,"1 tomato, quartered and peeled",normalized_or_substitute
18,Tom Kha Kai,117,Mushrooms,1,cup,150,"1 cup (150 g) mushrooms, sliced",exact_name
18,Tom Kha Kai,110,Cilantro,4,tablespoons,,4 tablespoons cilantro,exact_name
19,BBQ Pork Fried Rice,19,Pork chop,1,piece,750,"1 piece (750 g) boneless pork loin, cut into 30 pieces",normalized_or_substitute
19,BBQ Pork Fried Rice,133,Olive oil,6.5,tbsp,,6½ tbsp olive oil,exact_name
19,BBQ Pork Fried Rice,134,Sesame oil,5,tbsp,,5 tbsp sesame oil,exact_name
19,BBQ Pork Fried Rice,114,Garlic,7,cloves,,"7 cloves garlic, minced",exact_name
19,BBQ Pork Fried Rice,118,Green onions,6,pieces,,"6 scallion, cut into 2 cm pieces",normalized_or_substitute
19,BBQ Pork Fried Rice,146,Eggs,4,count,,"4 eggs, mixed",exact_name
19,BBQ Pork Fried Rice,153,Rice,1000,g,1000,1000 g cooked rice,exact_name
19,BBQ Pork Fried Rice,102,Green cabbage,0,as_needed,,Shredded cabbage,normalized_or_substitute
19,BBQ Pork Fried Rice,96,Tomatoes,0,as_needed,,Tomato,normalized_or_substitute
19,BBQ Pork Fried Rice,143,Lettuce,0,as_needed,,Shredded lettuce,exact_name
19,BBQ Pork Fried Rice,146,Eggs,3,garnish,,"3 eggs, cooked into an omelette and sliced 1 cm thick (as garnish)",exact_name
20,Traditional Lasagne,133,Olive oil,2,tbsp,,2 tbsp olive oil,exact_name
20,Traditional Lasagne,119,Onion,1,count,,"1 large onion, finely chopped",exact_name
20,Traditional Lasagne,94,Carrots,2,count,,"2 carrots, finely chopped",exact_name
20,Traditional Lasagne,106,Celery,2,stalks,,"2 celery stalks, finely chopped",exact_name
20,Traditional Lasagne,18,Ground beef,1.5,lb,680,1½ lb (680 g) ground beef,exact_name
20,Traditional Lasagne,114,Garlic,4,cloves,,"4 cloves garlic, minced",exact_name
20,Traditional Lasagne,96,Tomatoes,1,can,800,1 can (28 oz/800 g) crushed tomatoes,exact_name
20,Traditional Lasagne,108,Basil,10,count,,"10__15 basil leaves, chopped or torn",exact_name
20,Traditional Lasagne,152,Pasta,1,count,,1 pack of lasagne pasta sheets,exact_name
20,Traditional Lasagne,12,Parmesan cheese (dry grated),0,as_needed,,Finely-grated parmesan,normalized_or_substitute
21,Chickpea Stew,42,Chickpeas (canned),150,g,150,150 g of dry or 500 g of cooked chickpeas,exact_name
21,Chickpea Stew,119,Onion,2,cups,,2__3 ea. (2__3 cups) chopped medium onions,exact_name
21,Chickpea Stew,127,Zucchini,2,cups,,2__3 cups chopped zucchini,exact_name
21,Chickpea Stew,96,Tomatoes,6,cups,,"6__8 medium tomatoes, chopped, or 2__3 cups of canned tomatoes",exact_name
21,Chickpea Stew,122,Green bell pepper,1,count,,"1 green bell pepper, chopped",exact_name
21,Chickpea Stew,121,Chili pepper,1,count,,"1 chile pepper, finely chopped",normalized_or_substitute
21,Chickpea Stew,114,Garlic,4,cloves,,"4__6 cloves garlic, minced",exact_name
21,Chickpea Stew,161,Peanuts,4,tbsp,,"4 Tbsp crunchy, unsweetened peanut butter",normalized_or_substitute
21,Chickpea Stew,110,Cilantro,2,tbsp,,"2 Tbsp cilantro sprig, finely chopped (optional, for garnish)",exact_name
22,Chicken and Black-eyed Pea Stew,155,Green peas,1,cup,,1 cup of dry black-eyed peas (or about 2 cups canned),normalized_or_substitute
22,Chicken and Black-eyed Pea Stew,163,Oil,2,tbsp,,2__3 tbsp vegetable oil or chicken fat,exact_name
22,Chicken and Black-eyed Pea Stew,119,Onion,2,cups,,2 medium (~2 cups) chopped white or red onions,exact_name
22,Chicken and Black-eyed Pea Stew,94,Carrots,2,cups,,2 ea. (~2 cups) chopped carrots,exact_name
22,Chicken and Black-eyed Pea Stew,106,Celery,1,stalk,,1 stalk (~½__1 cup) chopped celery including the leaves,exact_name
22,Chicken and Black-eyed Pea Stew,114,Garlic,6,cloves,,"6 cloves garlic, minced",exact_name
22,Chicken and Black-eyed Pea Stew,153,Rice,1,cup,,"1 cup uncooked long-grained rice, preferably brown rice",exact_name
22,Chicken and Black-eyed Pea Stew,96,Tomatoes,2,cups,453.59,"2 cups canned tomatoes (crushed or diced), or 1 pound diced fresh tomatoes.",exact_name
22,Chicken and Black-eyed Pea Stew,22,Chicken breast,1,pound,453.59,1 pound bone-in chicken meat (e.g. two chicken legs),normalized_or_substitute
22,Chicken and Black-eyed Pea Stew,121,Chili pepper,2,count,,2 medium to hot chile peppers (optional),normalized_or_substitute
23,Beef and Barley Stew,16,Beef steak,3,pounds,1250,"3 pounds (1.25 kg) beef, cubed",normalized_or_substitute
23,Beef and Barley Stew,119,Onion,1,count,,"1 white onion, diced",exact_name
23,Beef and Barley Stew,145,Potatoes,4,count,,4 cubed potatoes,exact_name
23,Beef and Barley Stew,149,Barley,1,cup,240,1 cup (240 g) barley,exact_name
23,Beef and Barley Stew,154,Flour (all purpose),0.25,cup,60,¼ cup (60 g) flour,exact_name
23,Beef and Barley Stew,96,Tomatoes,1,can,,1 small can diced tomatoes,exact_name
23,Beef and Barley Stew,120,Parsley,1,bunch,,1 bunch parsley,exact_name
23,Beef and Barley Stew,163,Oil,2,tablespoons,,2 tablespoons vegetable oil,exact_name
23,Beef and Barley Stew,117,Mushrooms,1,lb,450,1 lb (450 g) mushrooms,exact_name
23,Beef and Barley Stew,42,Chickpeas (canned),1,count,,1 pkg frozen green beans,normalized_or_substitute
23,Beef and Barley Stew,114,Garlic,3,cloves,,3 cloves halved garlic,exact_name
23,Beef and Barley Stew,106,Celery,3,stalks,,3 stalks celery,exact_name
23,Beef and Barley Stew,94,Carrots,4,count,,4 large carrots,exact_name
24,Maffé (West African Peanut Stew) I,163,Oil,2,tablespoons,,2 tablespoons vegetable oil,exact_name
24,Maffé (West African Peanut Stew) I,22,Chicken breast,1,pound,453.59,"1 pound beef or chicken, cut into cubes",normalized_or_substitute
24,Maffé (West African Peanut Stew) I,119,Onion,1,count,,"1 large onion, finely chopped",exact_name
24,Maffé (West African Peanut Stew) I,114,Garlic,3,cloves,,"3 garlic cloves, minced",exact_name
24,Maffé (West African Peanut Stew) I,161,Peanuts,1,cup,,1 cup smooth peanut butter,normalized_or_substitute
24,Maffé (West African Peanut Stew) I,121,Chili pepper,1,teaspoon,,1 teaspoon chile powder (adjust to your preferred level of spiciness),normalized_or_substitute
24,Maffé (West African Peanut Stew) I,96,Tomatoes,1,can,396.89,1 can (14 ounces) diced tomatoes,exact_name
24,Maffé (West African Peanut Stew) I,94,Carrots,2,count,,"2 carrots, diced",exact_name
24,Maffé (West African Peanut Stew) I,145,Potatoes,2,count,,"2 potatoes, diced",exact_name
24,Maffé (West African Peanut Stew) I,122,Green bell pepper,1,count,,"1 bell pepper (any color of your choice), diced",normalized_or_substitute
24,Maffé (West African Peanut Stew) I,144,Okra,1,cup,,1 cup sliced okra,exact_name
24,Maffé (West African Peanut Stew) I,110,Cilantro,0,garnish,,"Fresh cilantro or parsley, chopped (for garnish)",exact_name
25,Entula (Ugandan Eggplant Stew),113,Eggplant,2,count,,"2 large eggplants, diced",exact_name
25,Entula (Ugandan Eggplant Stew),96,Tomatoes,1,cup,,1 cup diced tomatoes,exact_name
25,Entula (Ugandan Eggplant Stew),119,Onion,1,cup,,1 cup diced onions,exact_name
25,Entula (Ugandan Eggplant Stew),122,Green bell pepper,1,cup,,1 cup diced bell peppers (any color),normalized_or_substitute
25,Entula (Ugandan Eggplant Stew),94,Carrots,1,cup,,1 cup diced carrots,exact_name
25,Entula (Ugandan Eggplant Stew),127,Zucchini,1,cup,,1 cup diced zucchini or squash,exact_name
25,Entula (Ugandan Eggplant Stew),145,Potatoes,1,cup,,1 cup diced potatoes,exact_name
25,Entula (Ugandan Eggplant Stew),114,Garlic,3,cloves,,"3 cloves of garlic, minced",exact_name
25,Entula (Ugandan Eggplant Stew),163,Oil,2,tablespoons,,2 tablespoons vegetable oil,exact_name
25,Entula (Ugandan Eggplant Stew),121,Chili pepper,0.5,teaspoon,,"½ teaspoon chile powder (optional, for heat)",normalized_or_substitute
25,Entula (Ugandan Eggplant Stew),110,Cilantro,0,garnish,,"Fresh cilantro or parsley, chopped (for garnish)",exact_name
26,Couscous bil Khodra (Libyan Vegetable Couscous),133,Olive oil,2,tablespoons,,2 tablespoons olive oil,exact_name
26,Couscous bil Khodra (Libyan Vegetable Couscous),119,Onion,1,count,,"1 onion, finely chopped",exact_name
26,Couscous bil Khodra (Libyan Vegetable Couscous),114,Garlic,2,cloves,,"2 cloves of garlic, minced",exact_name
26,Couscous bil Khodra (Libyan Vegetable Couscous),94,Carrots,1,count,,"1 carrot, diced",normalized_or_substitute
26,Couscous bil Khodra (Libyan Vegetable Couscous),127,Zucchini,1,count,,"1 zucchini, diced",exact_name
26,Couscous bil Khodra (Libyan Vegetable Couscous),122,Green bell pepper,1,count,,"1 bell pepper, diced",normalized_or_substitute
26,Couscous bil Khodra (Libyan Vegetable Couscous),42,Chickpeas (canned),1,cup,,"1 cup green beans, trimmed and cut into bite-sized pieces",normalized_or_substitute
26,Couscous bil Khodra (Libyan Vegetable Couscous),42,Chickpeas (canned),1,cup,,"1 cup canned chickpeas, rinsed and drained",exact_name
26,Couscous bil Khodra (Libyan Vegetable Couscous),96,Tomatoes,2,count,,"2 tomatoes, diced",exact_name
26,Couscous bil Khodra (Libyan Vegetable Couscous),151,Couscous,2,cups,,2 cups couscous,exact_name
26,Couscous bil Khodra (Libyan Vegetable Couscous),110,Cilantro,0,garnish,,"Fresh parsley or cilantro, chopped (for garnish)",exact_name
27,Pad Thai,152,Pasta,0.5,pound,225,½ pound (225 g) rice noodles,normalized_or_substitute
27,Pad Thai,153,Rice,3,ml,,3+ tablespoons (50 ml) white vinegar (or rice vinegar),exact_name
27,Pad Thai,163,Oil,4,tablespoons,,4 tablespoons (60 ml) vegetable oil,exact_name
27,Pad Thai,114,Garlic,2,cloves,,"2 cloves garlic, chopped",exact_name
27,Pad Thai,121,Chili pepper,2,tablespoons,,2 tablespoons (30 ml) dried red chili pepper flakes (or to taste),exact_name
27,Pad Thai,22,Chicken breast,0.5,pound,225,"½ pound (225 g) of shrimp, tofu, chicken, squid, or beef (or a combination thereof)",normalized_or_substitute
27,Pad Thai,94,Carrots,200,g,200,"Assorted vegetables (e.g., shredded carrots, white onions, red or green peppers)",exact_name
27,Pad Thai,146,Eggs,2,count,,2 eggs,exact_name
27,Pad Thai,118,Green onions,4,count,,4 chopped green onions,exact_name
27,Pad Thai,160,Bean sprouts,0.75,pound,340,¾ pound (340 g) bean sprouts,exact_name
27,Pad Thai,161,Peanuts,0.75,cup,,¾ cup (175 ml) chopped unroasted peanuts,exact_name
27,Pad Thai,110,Cilantro,0,garnish,,Cilantro (coriander) leaves (garnish),exact_name
28,Tofu Tamale Pie,44,Tofu,4,ounces,113.4,"4 ounces tofu, washed, drained well, and broken up",exact_name
28,Tofu Tamale Pie,9,Cheddar cheese,1,ounce,28.35,"1 ounce sharp cheddar cheese, grated",exact_name
28,Tofu Tamale Pie,119,Onion,1,ounce,28.35,1 ounce finely-diced onion,exact_name
28,Tofu Tamale Pie,106,Celery,0.5,cup,,½ cup finely-chopped celery,exact_name
28,Tofu Tamale Pie,94,Carrots,1,count,,"1 medium carrot, grated",normalized_or_substitute
28,Tofu Tamale Pie,96,Tomatoes,8,ounces,226.8,8 ounces tomato juice,normalized_or_substitute
28,Tofu Tamale Pie,114,Garlic,0.5,teaspoon,,½ teaspoon garlic salt,exact_name
28,Tofu Tamale Pie,121,Chili pepper,2,teaspoons,,2 teaspoons chili powder or to taste,normalized_or_substitute
28,Tofu Tamale Pie,111,Corn,1,ounce,28.35,1 ounce corn meal,exact_name
29,Chicken Quesadilla,134,Sesame oil,1,tablespoon,,1 tablespoon sesame oil,exact_name
29,Chicken Quesadilla,114,Garlic,1,tablespoon,,1 tablespoon minced garlic,exact_name
29,Chicken Quesadilla,119,Onion,1,count,,"1 medium yellow onion, julienned",exact_name
29,Chicken Quesadilla,122,Green bell pepper,1,count,,"1 red bell pepper, julienned",normalized_or_substitute
29,Chicken Quesadilla,122,Green bell pepper,1,count,,"1 green bell pepper, julienned",exact_name
29,Chicken Quesadilla,22,Chicken breast,4,ounces,680.39,"4 boneless skinless chicken breasts (about 6 ounces each), grilled and cut into ½-inch strips",exact_name
29,Chicken Quesadilla,110,Cilantro,1,tablespoon,,1 tablespoon chopped cilantro,exact_name
29,Chicken Quesadilla,154,Flour (all purpose),4,count,,4 ea. 10-inch flour tortillas,exact_name
29,Chicken Quesadilla,9,Cheddar cheese,8,ounces,226.8,8 ounces (about 2 cups) shredded Colby Jack cheese,normalized_or_substitute
29,Chicken Quesadilla,129,Butter,2,teaspoons,,About 2 teaspoons butter,exact_name
30,Tibs (Ethiopian Sauteed Meat and Vegetables),133,Olive oil,2,tablespoons,,2 tablespoons olive oil,exact_name
30,Tibs (Ethiopian Sauteed Meat and Vegetables),119,Onion,1,count,,"1 large onion, finely chopped",exact_name
30,Tibs (Ethiopian Sauteed Meat and Vegetables),114,Garlic,3,cloves,,"3 cloves of garlic, minced",exact_name
30,Tibs (Ethiopian Sauteed Meat and Vegetables),22,Chicken breast,500,grams,500,"500 grams (1 lb) boneless meat (beef, lamb, or chicken), cut into bite-sized pieces",normalized_or_substitute
30,Tibs (Ethiopian Sauteed Meat and Vegetables),129,Butter,2,tablespoons,,2 tablespoons butter,exact_name
30,Tibs (Ethiopian Sauteed Meat and Vegetables),110,Cilantro,0,garnish,,"Fresh parsley or cilantro, chopped, for garnish",exact_name
31,Hot and Sour Soup,22,Chicken breast,0.333333333,cup,,__ cup cooked shredded chicken or pork,normalized_or_substitute
31,Hot and Sour Soup,117,Mushrooms,0.75,cup,,"¾ cup mushrooms, diced",exact_name
31,Hot and Sour Soup,142,Bamboo shoots,0.5,cup,,"½ cup canned bamboo shoots, julienned",exact_name
31,Hot and Sour Soup,44,Tofu,4,oz,127.57,"4 ½ oz block of tofu, cut into ¼-inch dice",exact_name
31,Hot and Sour Soup,146,Eggs,1,count,,"1 egg, beaten",normalized_or_substitute
31,Hot and Sour Soup,119,Onion,3,stalks,,"3 green onion stalks, diced (including tops)",exact_name
31,Hot and Sour Soup,134,Sesame oil,0.75,teaspoon,,¾ teaspoon toasted sesame oil,exact_name
32,Yetakelt Wot (Ethiopian Spiced Vegetable Stew),133,Olive oil,2,tablespoons,,2 tablespoons olive oil,exact_name
32,Yetakelt Wot (Ethiopian Spiced Vegetable Stew),119,Onion,1,count,,"1 large onion, finely chopped",exact_name
32,Yetakelt Wot (Ethiopian Spiced Vegetable Stew),114,Garlic,3,cloves,,"3 cloves of garlic, minced",exact_name
32,Yetakelt Wot (Ethiopian Spiced Vegetable Stew),94,Carrots,2,count,,"2 medium carrots, peeled and sliced",exact_name
32,Yetakelt Wot (Ethiopian Spiced Vegetable Stew),145,Potatoes,2,count,,"2 medium potatoes, peeled and diced",exact_name
32,Yetakelt Wot (Ethiopian Spiced Vegetable Stew),122,Green bell pepper,1,count,,"1 medium bell pepper, diced",normalized_or_substitute
32,Yetakelt Wot (Ethiopian Spiced Vegetable Stew),42,Chickpeas (canned),1,cup,,"1 cup green beans, trimmed and cut into bite-sized pieces",normalized_or_substitute
32,Yetakelt Wot (Ethiopian Spiced Vegetable Stew),110,Cilantro,0,garnish,,"Fresh cilantro or parsley, chopped, for garnish",exact_name
33,Spaghetti Pie,152,Pasta,115,g,115,115 g (4 oz) spaghetti,normalized_or_substitute
33,Spaghetti Pie,129,Butter,2,tablespoons,,"2 tablespoons butter, plus extra for greasing",exact_name
33,Spaghetti Pie,114,Garlic,2,cloves,,2 garlic cloves,exact_name
33,Spaghetti Pie,146,Eggs,1,count,,1 egg,normalized_or_substitute
33,Spaghetti Pie,12,Parmesan cheese (dry grated),1,cup,125,1 cup (125 g / 4.5 oz) grated parmesan cheese,exact_name
33,Spaghetti Pie,163,Oil,2,tablespoons,,2 tablespoons vegetable oil,exact_name
33,Spaghetti Pie,119,Onion,0.5,count,,"½ onion, chopped",exact_name
33,Spaghetti Pie,18,Ground beef,225,g,225,225 g (8 oz) ground beef,exact_name
33,Spaghetti Pie,96,Tomatoes,1,can,400,1 can (400 g / 14 oz) chopped tomatoes,exact_name
33,Spaghetti Pie,108,Basil,1,tablespoon,,1 tablespoon chopped fresh basil,exact_name
33,Spaghetti Pie,15,Ricotta cheese,1,cup,275,1 cup (275 g / 9.5 oz) ricotta,normalized_or_substitute
33,Spaghetti Pie,146,Eggs,1,count,,1 egg,normalized_or_substitute
33,Spaghetti Pie,11,Mozzarella cheese (part-skim),1.5,cups,180,1½ cups (180 g / 6.5 oz) grated mozzarella cheese,exact_name
34,Spicy Roast Brisket,163,Oil,1,tbsp,,1 tbsp vegetable oil,exact_name
34,Spicy Roast Brisket,16,Beef steak,1,kg,907.18,1 kg (2 pound) piece of beef brisket,normalized_or_substitute
34,Spicy Roast Brisket,119,Onion,1,cup,,1 cup sliced or coarsely-chopped onions,exact_name
34,Spicy Roast Brisket,106,Celery,1,cup,,1 cup thinly sliced stalk of celery,exact_name
34,Spicy Roast Brisket,114,Garlic,2,tsp,,2 tsp minced garlic cloves,exact_name
34,Spicy Roast Brisket,96,Tomatoes,2,cups,,"2 cups of diced tomatoes, fresh or canned",exact_name
34,Spicy Roast Brisket,122,Green bell pepper,1,count,,"1 bell pepper, green or red, thinly sliced",normalized_or_substitute
34,Spicy Roast Brisket,121,Chili pepper,1,count,,1 medium or hot chile pepper (optional),normalized_or_substitute
35,Chicken Alfredo,22,Chicken breast,1,pound,450,1 pound (450 g) boneless chicken breasts,exact_name
35,Chicken Alfredo,139,Cooking cream,1,cup,,1 cup cream or half and half,normalized_or_substitute
35,Chicken Alfredo,154,Flour (all purpose),2,tablespoons,,2 tablespoons white flour,exact_name
35,Chicken Alfredo,119,Onion,0.25,cup,,¼ cup chopped onion or shallot,exact_name
35,Chicken Alfredo,120,Parsley,1,tablespoon,,"1 tablespoon parsley, chopped",exact_name
35,Chicken Alfredo,12,Parmesan cheese (dry grated),0.5,cup,,½ cup grated Parmesan cheese,exact_name
35,Chicken Alfredo,163,Oil,1,tablespoon,,1 tablespoon cooking oil,exact_name
35,Chicken Alfredo,129,Butter,1,tablespoon,,1 tablespoon butter,exact_name
35,Chicken Alfredo,152,Pasta,2,cups,,2 cups fettuccini pasta,exact_name
36,Chipotle Chili,163,Oil,0.5,tbsp,,½ tbsp vegetable oil,exact_name
36,Chipotle Chili,119,Onion,1,count,,"1 large sweet onion, coarsely chopped",exact_name
36,Chipotle Chili,119,Onion,1,count,,"1 small red onion, coarsely chopped",exact_name
36,Chipotle Chili,114,Garlic,3,cloves,,"3__10 garlic cloves, minced",exact_name
36,Chipotle Chili,121,Chili pepper,2,tsp,,2 tsp chili powder,normalized_or_substitute
36,Chipotle Chili,121,Chili pepper,4,count,,4__5 small sweet chiles,normalized_or_substitute
36,Chipotle Chili,121,Chili pepper,1,can,,1 small can of chipotle chiles in adobo sauce,normalized_or_substitute
36,Chipotle Chili,96,Tomatoes,1,oz,411,"1 large can (14.5 oz / 411 g) of chopped tomatoes, or more",exact_name
36,Chipotle Chili,42,Chickpeas (canned),1,can,411,"1 can (14.5 oz / 411 g) black beans, drained and rinsed",normalized_or_substitute
36,Chipotle Chili,39,Kidney beans (canned),1,can,411,"1 can (14.5 oz / 411 g) dark kidney beans, drained and rinsed",exact_name
36,Chipotle Chili,8,Sour cream,0,as_needed,,"tableside additions such as sour cream, shredded cheese, Fritos, Cheese-its, etc.",exact_name
37,Alicha Wot (Mild Ethiopian Stew),133,Olive oil,2,tablespoons,,2 tablespoons olive oil,exact_name
37,Alicha Wot (Mild Ethiopian Stew),119,Onion,2,count,,"2 large onions, finely chopped",exact_name
37,Alicha Wot (Mild Ethiopian Stew),114,Garlic,4,cloves,,"4 cloves of garlic, minced",exact_name
37,Alicha Wot (Mild Ethiopian Stew),16,Beef steak,500,grams,500,"500 grams (1 lb) beef, cubed",normalized_or_substitute
37,Alicha Wot (Mild Ethiopian Stew),110,Cilantro,0,garnish,,"Fresh cilantro or parsley, chopped, for garnish",exact_name
38,Jambalaya II,22,Chicken breast,3,lbs,1400,3 lbs (1400 g) cooked chicken strips,normalized_or_substitute
38,Jambalaya II,119,Onion,1,cup,,1 cup (240 ml) chopped onion,exact_name
38,Jambalaya II,122,Green bell pepper,1,cup,,1 cup (240 ml) chopped green bell pepper,exact_name
38,Jambalaya II,106,Celery,2,count,,"2 ribs celery, chopped",exact_name
38,Jambalaya II,114,Garlic,2,cloves,,"2 cloves garlic, minced",exact_name
38,Jambalaya II,165,Ham,0.5,cup,,½ cup (120 ml) diced cooked ham,exact_name
38,Jambalaya II,96,Tomatoes,2,cans,800,2 cans (29 ounces / 800 g total) stewed tomatoes,exact_name
38,Jambalaya II,153,Rice,1,cup,,1 cup (240 ml) uncooked long grain rice,exact_name
38,Jambalaya II,133,Olive oil,3,tbsp,,3 Tbsp olive oil,exact_name
39,Cioppino (Italian Seafood Stew),133,Olive oil,3,tablespoons,,3 tablespoons olive oil,exact_name
39,Cioppino (Italian Seafood Stew),119,Onion,6,ounces,170.1,"6 ounces onion, chopped",exact_name
39,Cioppino (Italian Seafood Stew),106,Celery,8,ounces,226.8,"8 ounces of celery, chopped",exact_name
39,Cioppino (Italian Seafood Stew),119,Onion,3,count,,"3 large shallots, chopped",normalized_or_substitute
39,Cioppino (Italian Seafood Stew),114,Garlic,4,cloves,,"4 large garlic cloves, finely chopped",exact_name
39,Cioppino (Italian Seafood Stew),96,Tomatoes,2,pounds,907.18,2 pounds diced tomatoes,exact_name
39,Cioppino (Italian Seafood Stew),159,Crab,2,pounds,907.18,"2 pounds crabs (any type), cut into pieces",exact_name
39,Cioppino (Italian Seafood Stew),34,Mussels (raw),2,pounds,907.18,"2 pounds mussels, scrubbed and debearded",exact_name
39,Cioppino (Italian Seafood Stew),148,Scallops,1,pound,453.59,1 pound scallops,exact_name
39,Cioppino (Italian Seafood Stew),150,Bread,2,count,,2 loaves of San Francisco sourdough bread or any other bread with a chewy crust,exact_name
40,Baked Penne,152,Pasta,1,cup,125,1 cup (125_g/4.4_oz) uncooked penne pasta,exact_name
40,Baked Penne,15,Ricotta cheese,1,cup,300,1 cup (300_g/11_oz) ricotta cheese,exact_name
40,Baked Penne,146,Eggs,4,count,,"4 eggs, separated and brought to room temperature",exact_name
40,Baked Penne,129,Butter,0.25,cup,124.74,"¼ cup (½ stick/125_g/4.4_oz) unsalted butter, melted",exact_name
40,Baked Penne,139,Cooking cream,0.125,tsp,,__ tsp cream of tartar,normalized_or_substitute
40,Baked Penne,114,Garlic,1,tsp,,1 tsp minced garlic,exact_name
40,Baked Penne,120,Parsley,1,tbsp,,"1 tbsp flat-leaf parsley, finely chopped",exact_name
40,Baked Penne,11,Mozzarella cheese (part-skim),0.5,cup,60,½ cup (60_g/2.1_oz) grated mozzarella cheese,exact_name
40,Baked Penne,108,Basil,4,count,,4 leaves fresh basil,exact_name
41,Nasi Goreng (Indonesian Fried Rice),153,Rice,2,count,,2 servings of steamed rice,exact_name
41,Nasi Goreng (Indonesian Fried Rice),146,Eggs,2,count,,2 eggs,exact_name
41,Nasi Goreng (Indonesian Fried Rice),114,Garlic,1,clove,,1 clove garlic,exact_name
41,Nasi Goreng (Indonesian Fried Rice),119,Onion,2,count,,2 shallots,normalized_or_substitute
41,Nasi Goreng (Indonesian Fried Rice),121,Chili pepper,1,count,,1 red chile pepper,normalized_or_substitute
41,Nasi Goreng (Indonesian Fried Rice),163,Oil,1,tbsp,,1 Tbsp fish oil,exact_name
41,Nasi Goreng (Indonesian Fried Rice),131,Coconut oil,10,ml,,10 ml coconut oil,exact_name
41,Nasi Goreng (Indonesian Fried Rice),42,Chickpeas (canned),20,count,,20 stink beans or green beans,normalized_or_substitute
41,Nasi Goreng (Indonesian Fried Rice),22,Chicken breast,100,g,100,"100 g chicken fillet, cut into small pieces",normalized_or_substitute
41,Nasi Goreng (Indonesian Fried Rice),157,Shrimp,100,g,100,100 g small prawns,normalized_or_substitute
41,Nasi Goreng (Indonesian Fried Rice),16,Beef steak,2,count,,2 spoons of tinned corned beef,normalized_or_substitute
41,Nasi Goreng (Indonesian Fried Rice),166,Sausage,0,as_needed,,Sliced hot dogs or sausages,exact_name
41,Nasi Goreng (Indonesian Fried Rice),22,Chicken breast,0,as_needed,,Sliced chicken liver,normalized_or_substitute
41,Nasi Goreng (Indonesian Fried Rice),119,Onion,0,as_needed,,Spring onion,exact_name
42,Kari Ayam (Indonesian Chicken Curry),22,Chicken breast,1,lb,450,"1 lb (450 g) boneless, skinless chicken parts",normalized_or_substitute
42,Kari Ayam (Indonesian Chicken Curry),119,Onion,5,cup,,"5 Asian shallots, sliced (or ½ cup chopped onions)",exact_name
42,Kari Ayam (Indonesian Chicken Curry),114,Garlic,2,cloves,,"2 cloves garlic, minced",exact_name
42,Kari Ayam (Indonesian Chicken Curry),47,Cashews (unsalted),6,count,,"6 kimiri (candlenuts), ground",normalized_or_substitute
42,Kari Ayam (Indonesian Chicken Curry),156,Coconut milk,1,cup,,1 cup (240 ml) coconut milk,exact_name
42,Kari Ayam (Indonesian Chicken Curry),163,Oil,2,tbsp,,2 tbsp cooking oil,exact_name
42,Kari Ayam (Indonesian Chicken Curry),121,Chili pepper,2,optional,,2 hot chiles (optional),normalized_or_substitute
42,Kari Ayam (Indonesian Chicken Curry),157,Shrimp,0.25,tsp,,¼ tsp terasi (fermented shrimp paste),exact_name
43,Chicken Cacciatore,119,Onion,1,cups,,"1 ½ cups (360 ml), chopped onion",exact_name
43,Chicken Cacciatore,22,Chicken breast,3,lbs,1350,"3 lbs (1350 g), chicken parts with skin removed",normalized_or_substitute
43,Chicken Cacciatore,96,Tomatoes,14,oz,400,14 oz (400 g) can of tomatoes with juice,exact_name
43,Chicken Cacciatore,117,Mushrooms,10,oz,280,"10 oz (280 g) can of mushroom pieces, drained",normalized_or_substitute
43,Chicken Cacciatore,108,Basil,0.5,tsp,,½ tsp dried sweet basil,exact_name
44,Fasolia (Ethiopian Green Bean Stew),133,Olive oil,2,tablespoons,,2 tablespoons olive oil,exact_name
44,Fasolia (Ethiopian Green Bean Stew),119,Onion,1,count,,"1 large onion, finely chopped",exact_name
44,Fasolia (Ethiopian Green Bean Stew),114,Garlic,3,cloves,,"3 cloves of garlic, minced",exact_name
44,Fasolia (Ethiopian Green Bean Stew),96,Tomatoes,2,count,,"2 medium-sized tomatoes, diced",exact_name
44,Fasolia (Ethiopian Green Bean Stew),42,Chickpeas (canned),500,grams,453.59,"500 grams (1 lb) fresh green beans, trimmed and cut into bite-sized pieces",normalized_or_substitute
44,Fasolia (Ethiopian Green Bean Stew),110,Cilantro,0,garnish,,"Fresh cilantro or parsley, chopped, for garnish",exact_name
45,Cape Malay Butter Chicken,4,"Yogurt (whole milk, plain)",0.5,cup,,½ cup yoghurt,normalized_or_substitute
45,Cape Malay Butter Chicken,163,Oil,1,tablespoon,,1 tablespoon oil,exact_name
45,Cape Malay Butter Chicken,22,Chicken breast,2,count,,2 chickens (split in halves),normalized_or_substitute
45,Cape Malay Butter Chicken,129,Butter,0.25,cup,,¼ cup butter,exact_name
45,Cape Malay Butter Chicken,96,Tomatoes,1,can,,1 can (1 cup) tomato purée,normalized_or_substitute
45,Cape Malay Butter Chicken,139,Cooking cream,0.25,cup,,¼ cup cream,normalized_or_substitute
46,Paprika Chicken,22,Chicken breast,1,pounds,1133.98,1 ea. (2-3 pounds) chicken,normalized_or_substitute
46,Paprika Chicken,119,Onion,2,count,,"2 medium onions, chopped",exact_name
46,Paprika Chicken,133,Olive oil,5,tablespoons,,5__7 tablespoons olive oil,exact_name
46,Paprika Chicken,8,Sour cream,1,cup,,1 cup sour cream,exact_name
46,Paprika Chicken,7,Heavy cream,0.25,cup,,¼___ cup heavy cream,exact_name
46,Paprika Chicken,120,Parsley,0,as_needed,,Fresh green parsley,exact_name
46,Paprika Chicken,122,Green bell pepper,1,optional,,1 green bell pepper (optional),exact_name
46,Paprika Chicken,122,Green bell pepper,0.5,optional,,½ red bell pepper (optional),normalized_or_substitute
46,Paprika Chicken,94,Carrots,1,optional,,"1 carrot (optional), thinly sliced",normalized_or_substitute
46,Paprika Chicken,119,Onion,1,optional,,"1 onion (optional), thinly sliced",exact_name
47,Chicken Fried Rice,129,Butter,2,tbsp,,2 tbsp butter,exact_name
47,Chicken Fried Rice,114,Garlic,3,cloves,,"3 cloves garlic, crushed and minced",exact_name
47,Chicken Fried Rice,121,Chili pepper,2,pieces,,"2 red chiles, cut into 1 cm pieces",normalized_or_substitute
47,Chicken Fried Rice,118,Green onions,2,pieces,,"2 scallion, cut into 1 cm pieces",normalized_or_substitute
47,Chicken Fried Rice,94,Carrots,200,g,200,200 g carrot,normalized_or_substitute
47,Chicken Fried Rice,22,Chicken breast,200,g,200,200 g minced raw chicken,normalized_or_substitute
47,Chicken Fried Rice,153,Rice,1,cup,550,1 cup (550 g) cooked rice,exact_name
47,Chicken Fried Rice,96,Tomatoes,0,as_needed,,Tomato,normalized_or_substitute
47,Chicken Fried Rice,146,Eggs,0,as_needed,,Fried egg,normalized_or_substitute
48,Peri-Peri Chicken,122,Green bell pepper,2,count,,2 small red bell peppers,normalized_or_substitute
48,Peri-Peri Chicken,114,Garlic,5,cloves,,5 medium-size garlic cloves,exact_name
48,Peri-Peri Chicken,119,Onion,1,count,,1 medium-size onion,exact_name
48,Peri-Peri Chicken,133,Olive oil,0.75,cup,,¾ cup olive oil,exact_name
48,Peri-Peri Chicken,22,Chicken breast,2.5,lbs,1133.98,2½ lbs chicken quarters,normalized_or_substitute
49,Kedjenou Chicken (Chicken and Vegetable Stew),22,Chicken breast,2,pieces,,"2 whole chickens, cut into medium pieces",normalized_or_substitute
49,Kedjenou Chicken (Chicken and Vegetable Stew),114,Garlic,2,tablespoon,,2 tablespoon garlic purée,exact_name
49,Kedjenou Chicken (Chicken and Vegetable Stew),119,Onion,3,count,,"3 medium onions, chopped",exact_name
49,Kedjenou Chicken (Chicken and Vegetable Stew),118,Green onions,3,count,,"3 green onions, chopped",exact_name
49,Kedjenou Chicken (Chicken and Vegetable Stew),122,Green bell pepper,2,count,,"2 fresh red or green bell peppers, chopped",exact_name
49,Kedjenou Chicken (Chicken and Vegetable Stew),96,Tomatoes,6,count,,"6 medium size tomatoes, chopped",exact_name
49,Kedjenou Chicken (Chicken and Vegetable Stew),113,Eggplant,2,count,,"2 eggplants, diced",exact_name
50,Lentil and Sausage Stew,43,Lentils (dried),250,grams,250,250 grams dry brown lentils,exact_name
50,Lentil and Sausage Stew,43,Lentils (dried),1,litre,,1 litre water for the lentils (needed for the sauce; don't use more),exact_name
50,Lentil and Sausage Stew,94,Carrots,1,count,,"1 carrot, diced",normalized_or_substitute
50,Lentil and Sausage Stew,119,Onion,1,count,,"1 onion, chopped",exact_name
50,Lentil and Sausage Stew,145,Potatoes,2,count,,"2__3 potatoes, peeled",exact_name
50,Lentil and Sausage Stew,114,Garlic,2,cloves,,2 cloves of garlic,exact_name
50,Lentil and Sausage Stew,166,Sausage,2,pieces,,"2 pairs of scalded sausage, whole or in pieces",exact_name
50,Lentil and Sausage Stew,19,Pork chop,1,piece,,1 large piece of smoked pork belly,normalized_or_substitute
50,Lentil and Sausage Stew,129,Butter,40,grams,40,40 grams butter,exact_name
50,Lentil and Sausage Stew,154,Flour (all purpose),40,grams,40,40 grams flour,exact_name
51,Buttermilk Fried Chicken with Pan Gravy,22,Chicken breast,1,count,,1 whole chicken,normalized_or_substitute
51,Buttermilk Fried Chicken with Pan Gravy,2,Buttermilk (whole),2,cups,,2 cups buttermilk,exact_name
51,Buttermilk Fried Chicken with Pan Gravy,120,Parsley,1,tablespoon,,1 tablespoon parsley,exact_name
51,Buttermilk Fried Chicken with Pan Gravy,154,Flour (all purpose),200,g,200,"Flour seasoned with herbs and spices (e.g. pepper, cayenne, salt, ground coriander, cinnamon, thyme, oregano)",exact_name
51,Buttermilk Fried Chicken with Pan Gravy,132,Corn oil,100,g,100,Oil (e.g. peanut or corn oil),exact_name
51,Buttermilk Fried Chicken with Pan Gravy,163,Oil,0,as_needed,,Oil,exact_name
51,Buttermilk Fried Chicken with Pan Gravy,119,Onion,1,count,,"1 small onion (or shallots), chopped",exact_name
51,Buttermilk Fried Chicken with Pan Gravy,114,Garlic,1,clove,,1 clove of garlic,exact_name
51,Buttermilk Fried Chicken with Pan Gravy,154,Flour (all purpose),3,tablespoons,,3__4 tablespoons flour,exact_name
52,Galician Garbanzo Soup,42,Chickpeas (canned),3,cans,1260,"3 cans (45 oz / 1.26 kg) garbanzo beans, divided",normalized_or_substitute
52,Galician Garbanzo Soup,133,Olive oil,1,tablespoon,,1 tablespoon olive oil,exact_name
52,Galician Garbanzo Soup,119,Onion,2,cups,,2 heaping cups chopped onion,exact_name
52,Galician Garbanzo Soup,114,Garlic,1,tablespoon,,1 tablespoon minced or crushed garlic,exact_name
52,Galician Garbanzo Soup,145,Potatoes,1,cup,,"1 small waxy potato (yellow Finn or Yucon gold), diced (~1 cup)",normalized_or_substitute
52,Galician Garbanzo Soup,94,Carrots,1,count,,"1 medium carrot, diced",normalized_or_substitute
52,Galician Garbanzo Soup,106,Celery,1,stalk,,"1 medium stalk celery, diced",exact_name
52,Galician Garbanzo Soup,155,Green peas,0.5,cup,,½ cup green peas (fresh or frozen),exact_name
52,Galician Garbanzo Soup,96,Tomatoes,2,cup,,"2 medium-sized ripe tomatoes, peeled and seeded or 1 cup chopped canned tomatoes",exact_name
52,Galician Garbanzo Soup,108,Basil,0,garnish,,"Minced fresh basil, for garnish",exact_name
53,Black Bean Chili,42,Chickpeas (canned),3.5,cups,,3½ cups (8 dL) dried black beans,normalized_or_substitute
53,Black Bean Chili,163,Oil,2,tablespoons,,2 tablespoons (30 mL) corn oil or other vegetable oil,exact_name
53,Black Bean Chili,119,Onion,1,count,,"1 medium onion, diced",exact_name
53,Black Bean Chili,114,Garlic,2,cloves,,"2 cloves garlic, minced",exact_name
53,Black Bean Chili,121,Chili pepper,1,count,,1 chipotle chile,normalized_or_substitute
53,Black Bean Chili,121,Chili pepper,0.25,count,,¼ ancho chile,normalized_or_substitute
53,Black Bean Chili,96,Tomatoes,1.5,cups,,1½ cups (350 mL) diced tomatoes,exact_name
53,Black Bean Chili,96,Tomatoes,1.5,cups,,1½ cups (350 mL) tomato puree,normalized_or_substitute
53,Black Bean Chili,8,Sour cream,0,garnish,,Sour cream for garnish,exact_name
54,Egyptian Lentil Soup,43,Lentils (dried),1,cup,,"1 cup red lentils, rinsed",exact_name
54,Egyptian Lentil Soup,119,Onion,1,count,,"1 medium onion, finely chopped",exact_name
54,Egyptian Lentil Soup,114,Garlic,2,cloves,,"2 cloves of garlic, minced",exact_name
54,Egyptian Lentil Soup,133,Olive oil,2,tablespoons,,2 tablespoons olive oil,exact_name
54,Egyptian Lentil Soup,110,Cilantro,0,garnish,,"Fresh parsley or cilantro, chopped (for garnish)",exact_name
55,Garbanzo Bean Stew,133,Olive oil,1,tablespoon,,1 tablespoon olive oil,exact_name
55,Garbanzo Bean Stew,119,Onion,1,count,,"1 medium red onion, chopped",exact_name
55,Garbanzo Bean Stew,122,Green bell pepper,1,count,,"1 red bell pepper, peeled, cored and chopped",normalized_or_substitute
55,Garbanzo Bean Stew,114,Garlic,2,cloves,,"2 cloves garlic, minced",exact_name
55,Garbanzo Bean Stew,145,Potatoes,0.5,pound,226.8,"½ pound new or boiling potatoes, unpeeled and cut into bite-sized chunks",exact_name
55,Garbanzo Bean Stew,42,Chickpeas (canned),2,cups,425.24,"2 cups cooked chickpeas (garbanzo beans), drained or 1 can (15 ounces) chickpeas, rinsed and drained",exact_name
55,Garbanzo Bean Stew,96,Tomatoes,1,can,411.07,1 can (14½ ounces) diced tomatoes plus their liquid,exact_name
55,Garbanzo Bean Stew,153,Rice,2,cups,,2 cups hot cooked rice,exact_name
55,Garbanzo Bean Stew,120,Parsley,0,optional,,"Chopped parsley, optional garnish",exact_name
56,Tuna Noodle Casserole,33,"Tuna (fresh, raw)",2,cans,680.39,2 cans (drained) or pouches (12 ounces each) tuna,exact_name
56,Tuna Noodle Casserole,1,Milk (whole),1,cup,,1 cup milk,exact_name
56,Tuna Noodle Casserole,152,Pasta,4,cups,,"4 cups hot, cooked medium egg noodles",normalized_or_substitute
56,Tuna Noodle Casserole,155,Green peas,2,cups,,2 cups frozen peas,normalized_or_substitute
56,Tuna Noodle Casserole,117,Mushrooms,2,cans,595.34,2 cans (21 ounces) condensed cream of mushroom soup,normalized_or_substitute
56,Tuna Noodle Casserole,150,Bread,2,tablespoons,,2 tablespoons dry bread crumbs,exact_name
56,Tuna Noodle Casserole,129,Butter,1,tablespoon,,1 tablespoon melted butter,exact_name
56,Tuna Noodle Casserole,119,Onion,1,teaspoons,,1__2 teaspoons dried minced onion (onion),exact_name
56,Tuna Noodle Casserole,9,Cheddar cheese,3,ounces,99.23,"3__4 ounces cheese, shredded or sliced to cover casserole",normalized_or_substitute
57,Corn Chowder I,129,Butter,2,tablespoon,,2 tablespoon butter or margarine,exact_name
57,Corn Chowder I,119,Onion,1,cup,,1 cup chopped onion,exact_name
57,Corn Chowder I,106,Celery,0.5,cup,,½ cup chopped celery,exact_name
57,Corn Chowder I,145,Potatoes,1.5,cups,,"1½ cups diced, pared potatoes, cut in ½-inch cubes",exact_name
57,Corn Chowder I,111,Corn,2,cups,,"2 cups corn, fresh or frozen",exact_name
57,Corn Chowder I,1,Milk (whole),1,cup,,1 cup milk,exact_name
57,Corn Chowder I,139,Cooking cream,1,cup,,1 cup light cream,normalized_or_substitute
58,Fisherman's Casserole,152,Pasta,1,package,226.8,1 package (8 ounces) macaroni,normalized_or_substitute
58,Fisherman's Casserole,9,Cheddar cheese,0.5,pound,226.8,½ pound grated cheddar cheese,exact_name
58,Fisherman's Casserole,1,Milk (whole),0.666666667,cup,,__ cup milk,exact_name
58,Fisherman's Casserole,119,Onion,0.5,cup,,½ cup chopped onion,exact_name
58,Fisherman's Casserole,106,Celery,1,can,304.76,1 can (10¾ ounces) cream of celery soup,exact_name
58,Fisherman's Casserole,30,"Salmon (fresh, raw)",1,can,418.16,1 can (14¾ ounces) salmon,exact_name
58,Fisherman's Casserole,155,Green peas,1,ounces,226.8,1 bag (8 ounces) frozen peas,normalized_or_substitute
58,Fisherman's Casserole,150,Bread,1,cup,,1 cup bread crumbs,exact_name
58,Fisherman's Casserole,129,Butter,2,tablespoons,,"2 tablespoons butter, melted",exact_name
59,General Tso's Chicken,22,Chicken breast,750,g,750,"750 g (1.65 lb) raw chicken dark meat, boneless and skinless.",normalized_or_substitute
59,General Tso's Chicken,146,Eggs,1,count,,1 egg,normalized_or_substitute
59,General Tso's Chicken,163,Oil,700,ml,,"700 ml (3 cups) oil to deep fry, or enough oil to shallow-fry",exact_name
59,General Tso's Chicken,153,Rice,1,tbsp,,1 tbsp rice vinegar,exact_name
59,General Tso's Chicken,153,Rice,1,tbsp,,1 tbsp red Shaoxing rice wine,exact_name
59,General Tso's Chicken,114,Garlic,1,tbsp,,1 tbsp crushed and minced garlic,exact_name
59,General Tso's Chicken,118,Green onions,4,count,,"4 spring onions, chopped",normalized_or_substitute
59,General Tso's Chicken,121,Chili pepper,1,tbsp,,1 tbsp chopped dried chile peppers,normalized_or_substitute
60,Saffron Rice and Beans,133,Olive oil,0.5,cup,,½ cup olive oil,exact_name
60,Saffron Rice and Beans,145,Potatoes,1,count,,"1 small potato, sliced extremely thin",normalized_or_substitute
60,Saffron Rice and Beans,119,Onion,1,count,,"1 big onion, cut into chunks or sliced thin",exact_name
60,Saffron Rice and Beans,122,Green bell pepper,2,count,,"2__3 red bell peppers, sliced",normalized_or_substitute
60,Saffron Rice and Beans,96,Tomatoes,1,slices,,"1__3 tomatoes, cut into cubes or slices",exact_name
60,Saffron Rice and Beans,114,Garlic,5,cloves,,5__10 cloves garlic,exact_name
60,Saffron Rice and Beans,121,Chili pepper,1,tablespoon,,1__2 tablespoon ground chile or chile powder,normalized_or_substitute
60,Saffron Rice and Beans,153,Rice,1,cup,,1 cup basmati rice,exact_name
60,Saffron Rice and Beans,42,Chickpeas (canned),1,can,,1 can black beans,normalized_or_substitute
60,Saffron Rice and Beans,12,Parmesan cheese (dry grated),0,as_needed,,Cheese (Parmesan or cotija work best),normalized_or_substitute
61,Pasta and Bean Soup,133,Olive oil,1,count,,1 large dash of premium olive oil,exact_name
61,Pasta and Bean Soup,114,Garlic,5,cloves,,"5 cloves of garlic, peeled and chopped",exact_name
61,Pasta and Bean Soup,119,Onion,1,count,,"1 onion, peeled and chopped",exact_name
61,Pasta and Bean Soup,96,Tomatoes,4,g,235,"4 very red tomatoes, chopped finely or one tin (235 g) chopped tomatoes",exact_name
61,Pasta and Bean Soup,96,Tomatoes,3,count,,3 large squeezes of Italian tomato purée,normalized_or_substitute
61,Pasta and Bean Soup,42,Chickpeas (canned),2,cans,235,2 cans (235 g) borlotti beans,normalized_or_substitute
61,Pasta and Bean Soup,120,Parsley,1,count,,1 large handful of chopped parsley,exact_name
61,Pasta and Bean Soup,152,Pasta,5,count,,5 handfuls of pasta shells or penne,exact_name
61,Pasta and Bean Soup,139,Cooking cream,100,ml,,100 ml single fresh cream (optional),normalized_or_substitute
62,Puerto Rican Chicken Soup (Asopao),22,Chicken breast,2,count,,"2__3 chicken breasts, sliced into strips",exact_name
62,Puerto Rican Chicken Soup (Asopao),114,Garlic,3,cloves,,"3 cloves garlic, finely minced",exact_name
62,Puerto Rican Chicken Soup (Asopao),122,Green bell pepper,1,count,,"1 medium green bell pepper, cored and chopped",exact_name
62,Puerto Rican Chicken Soup (Asopao),119,Onion,1,count,,"1 medium onion, peeled and chopped",exact_name
62,Puerto Rican Chicken Soup (Asopao),96,Tomatoes,800,g,800,800 g canned chopped tomatoes,exact_name
62,Puerto Rican Chicken Soup (Asopao),153,Rice,1,cup,,1 cup uncooked long-grain white rice,exact_name
62,Puerto Rican Chicken Soup (Asopao),154,Flour (all purpose),0.25,cup,,¼ cup all-purpose flour,exact_name
62,Puerto Rican Chicken Soup (Asopao),129,Butter,2,tbsp,,2__3 tbsp oil or margarine,normalized_or_substitute
62,Puerto Rican Chicken Soup (Asopao),120,Parsley,0,as_needed,,parsley,exact_name
63,Hamburger Deluxe,18,Ground beef,0.75,lb,350,¾ lb (350 g) lean ground beef,exact_name
63,Hamburger Deluxe,147,Lamb,0.25,lb,110,¼ lb (110 g) ground lamb,exact_name
63,Hamburger Deluxe,146,Eggs,1,count,,1 egg,normalized_or_substitute
63,Hamburger Deluxe,162,Oats,0.5,cup,,½ cup (125 ml) rolled oats,exact_name
63,Hamburger Deluxe,114,Garlic,2,cloves,,"2 cloves garlic, minced",exact_name
63,Hamburger Deluxe,163,Oil,1,tablespoon,,1 tablespoon (15 ml) grapeseed oil (or other lightly flavoured oil),exact_name
63,Hamburger Deluxe,9,Cheddar cheese,0,as_needed,,"Cheese, smoked cheddar is best, but any cheddar or your favourite cheese will do",normalized_or_substitute
63,Hamburger Deluxe,8,Sour cream,0,as_needed,,Sour cream,exact_name
63,Hamburger Deluxe,140,Cream cheese,0,as_needed,,"Plain cream cheese, sliced thinly",exact_name
63,Hamburger Deluxe,119,Onion,1,count,,"1 Vidalia onion, coarsely chopped (Spanish onion will do)",exact_name
63,Hamburger Deluxe,117,Mushrooms,0.25,pound,110,"¼ pound (110 g) button mushrooms, sliced thin",exact_name
63,Hamburger Deluxe,129,Butter,1,tablespoon,,1 tablespoon butter,exact_name
63,Hamburger Deluxe,150,Bread,4,count,,4 hamburger buns,normalized_or_substitute
64,Liberian Eggplant Stew,163,Oil,2,tablespoons,,2 tablespoons palm oil,exact_name
64,Liberian Eggplant Stew,119,Onion,1,count,,"1 onion, finely chopped",exact_name
64,Liberian Eggplant Stew,114,Garlic,2,cloves,,"2 cloves of garlic, minced",exact_name
64,Liberian Eggplant Stew,22,Chicken breast,1,pound,453.59,"1 pound meat (beef, chicken, or goat), cut into pieces, or fish (tilapia or catfish), cleaned and gutted",normalized_or_substitute
64,Liberian Eggplant Stew,96,Tomatoes,1,count,,"1 tomato, diced",normalized_or_substitute
64,Liberian Eggplant Stew,122,Green bell pepper,1,count,,"1 bell pepper, diced",normalized_or_substitute
64,Liberian Eggplant Stew,113,Eggplant,2,count,,"2 large eggplants, peeled and diced",exact_name
65,Tofu Saltado,44,Tofu,400,g,400,400 g firm tofu,exact_name
65,Tofu Saltado,163,Oil,3,tsp,,3 tsp crispy chilli in oil,exact_name
65,Tofu Saltado,163,Oil,6,tbsp,,6 tbsp vegetable oil,exact_name
65,Tofu Saltado,119,Onion,2,count,,2 red onions,exact_name
65,Tofu Saltado,122,Green bell pepper,2,count,,2 red bell peppers,normalized_or_substitute
65,Tofu Saltado,114,Garlic,4,cloves,,"4 garlic cloves, minced or crushed",exact_name
65,Tofu Saltado,153,Rice,1,tbsp,,1 tbsp rice wine vinegar or white wine vinegar,exact_name
65,Tofu Saltado,96,Tomatoes,500,g,500,500 g tomatoes,exact_name
65,Tofu Saltado,145,Potatoes,500,g,500,500 g potatoes,exact_name
65,Tofu Saltado,110,Cilantro,30,g,30,30 g fresh coriander (cilantro),exact_name
66,Cinnamon Chicken,22,Chicken breast,2,count,,2__3 chicken breasts,exact_name
66,Cinnamon Chicken,133,Olive oil,3,tablespoons,,~3 tablespoons olive oil,exact_name
66,Cinnamon Chicken,119,Onion,1,count,,"1 small onion, diced",exact_name
66,Cinnamon Chicken,96,Tomatoes,1,can,793.79,1 can (28 oz/800 ml) whole tomatoes,exact_name
66,Cinnamon Chicken,114,Garlic,3,cloves,,"3 cloves of garlic, minced",exact_name
66,Cinnamon Chicken,9,Cheddar cheese,4,count,,Enough pasta for 4 servings (cheese tortellini is good),normalized_or_substitute
67,Hearty Beef Vegetable Soup,16,Beef steak,1,pound,453.59,"1 pound beef round steak, cut into ¾-inch cubes",normalized_or_substitute
67,Hearty Beef Vegetable Soup,129,Butter,1,tablespoon,,1 tablespoon margarine,normalized_or_substitute
67,Hearty Beef Vegetable Soup,119,Onion,0.5,cup,,½ cup chopped onion,exact_name
67,Hearty Beef Vegetable Soup,106,Celery,0.5,cup,,½ cup sliced celery,exact_name
67,Hearty Beef Vegetable Soup,108,Basil,2,teaspoons,,2 teaspoons dried basil leaves,exact_name
67,Hearty Beef Vegetable Soup,96,Tomatoes,1,can,411.07,1 can (14.5 ounces) stewed tomatoes,exact_name
67,Hearty Beef Vegetable Soup,94,Carrots,2,cups,,2 cups sliced carrots,exact_name
67,Hearty Beef Vegetable Soup,152,Pasta,2,cups,,2 cups bow-tie noodles,normalized_or_substitute
68,Ratatouille I,133,Olive oil,0,as_needed,,Olive oil,exact_name
68,Ratatouille I,119,Onion,1,count,,1 onion,exact_name
68,Ratatouille I,114,Garlic,1,clove,,"1 clove garlic, or to taste",exact_name
68,Ratatouille I,113,Eggplant,1,count,,1 eggplant (aubergine),exact_name
68,Ratatouille I,122,Green bell pepper,1,count,,"1 bell pepper (green, red, yellow or a combination)",normalized_or_substitute
68,Ratatouille I,127,Zucchini,2,count,,2 zucchini (courgettes),exact_name
68,Ratatouille I,96,Tomatoes,6,count,,"6 medium tomatoes, ripe (juicy), peeled and seeded",exact_name
68,Ratatouille I,108,Basil,1,count,,"Herbes de Provence to taste or 1 small bunch basil (optional), chiffoned",exact_name
69,Egyptian Stuffed Eggplant (Mahshi Betinjan),113,Eggplant,6,count,,6 medium-sized eggplants,exact_name
69,Egyptian Stuffed Eggplant (Mahshi Betinjan),18,Ground beef,250,grams,250,250 grams ground beef or lamb,exact_name
69,Egyptian Stuffed Eggplant (Mahshi Betinjan),153,Rice,1,cup,,"1 cup rice, rinsed",exact_name
69,Egyptian Stuffed Eggplant (Mahshi Betinjan),119,Onion,1,count,,"1 small onion, finely chopped",exact_name
69,Egyptian Stuffed Eggplant (Mahshi Betinjan),114,Garlic,2,cloves,,"2 garlic cloves, minced",exact_name
69,Egyptian Stuffed Eggplant (Mahshi Betinjan),120,Parsley,0.25,cup,,"¼ cup fresh parsley, finely chopped",exact_name
69,Egyptian Stuffed Eggplant (Mahshi Betinjan),133,Olive oil,0,as_needed,,Olive oil for drizzling,exact_name
70,Mesir Wat (Spicy Ethiopian Lentil Stew),43,Lentils (dried),2,cups,,"2 cups red lentils, rinsed",exact_name
70,Mesir Wat (Spicy Ethiopian Lentil Stew),119,Onion,1,count,,"1 large onion, finely chopped",exact_name
70,Mesir Wat (Spicy Ethiopian Lentil Stew),114,Garlic,4,cloves,,"4 cloves of garlic, minced",exact_name
70,Mesir Wat (Spicy Ethiopian Lentil Stew),133,Olive oil,2,tablespoons,,2 tablespoons olive oil,exact_name
70,Mesir Wat (Spicy Ethiopian Lentil Stew),110,Cilantro,0,garnish,,"Fresh parsley or cilantro, chopped, for garnish",exact_name
71,Taco Salad,22,Chicken breast,1,lb,453.59,"1 lb boneless chicken, diced",normalized_or_substitute
71,Taco Salad,39,Kidney beans (canned),1,lb,453.59,1 lb kidney beans,exact_name
71,Taco Salad,121,Chili pepper,1,tsp,,1 tsp chili powder,normalized_or_substitute
71,Taco Salad,119,Onion,1,count,,"1 medium onion, chopped",exact_name
71,Taco Salad,96,Tomatoes,3,count,,"3 medium tomatoes, diced",exact_name
71,Taco Salad,143,Lettuce,1,lb,453.59,"1 lb (about ½ large head) lettuce, chopped",exact_name
71,Taco Salad,9,Cheddar cheese,0.25,lb,113.4,"¼ lb cheddar cheese, grated",exact_name
71,Taco Salad,64,Avocado,1,count,,"1 large avocado, peeled and sliced",exact_name
71,Taco Salad,111,Corn,0.75,lb,340.19,¾ lb corn tortilla chips,exact_name
72,Almond Pancakes,154,Flour (all purpose),1,cup,150,1 cup (150 g / 5.3 oz) bleached all-purpose flour,exact_name
72,Almond Pancakes,2,Buttermilk (whole),0.75,cup,172.93,¾ cup (180 ml / 6.1 oz) buttermilk,exact_name
72,Almond Pancakes,1,Milk (whole),0.25,cup,56.7,¼ cup (60 ml / 2 oz) milk,exact_name
72,Almond Pancakes,146,Eggs,1,count,,1 egg,normalized_or_substitute
72,Almond Pancakes,129,Butter,2,tablespoons,,"2 tablespoons unsalted butter, melted",exact_name
72,Almond Pancakes,163,Oil,0,as_needed,,Vegetable oil for brushing griddle,exact_name
73,Baked Oatmeal,162,Oats,3,cups,720,3 cups (720 g) quick-cooking oats,exact_name
73,Baked Oatmeal,1,Milk (whole),1,cup,,1 cup (240 ml) milk,exact_name
73,Baked Oatmeal,129,Butter,0.5,cup,120,½ cup (120 g) butter (melted),exact_name
73,Baked Oatmeal,146,Eggs,2,count,,2 eggs,exact_name
74,Blueberry Pancakes,154,Flour (all purpose),1.75,cup,,1¾ cup all-purpose flour,exact_name
74,Blueberry Pancakes,139,Cooking cream,1.5,tsp,,1½ tsp cream of tartar (or baking powder),normalized_or_substitute
74,Blueberry Pancakes,2,Buttermilk (whole),2,cups,,2 cups buttermilk,exact_name
74,Blueberry Pancakes,146,Eggs,4,count,,"4 eggs, separated",exact_name
74,Blueberry Pancakes,129,Butter,0.25,cup,,¼ cup butter (optional),exact_name
75,Oatmeal Banana Waffle,162,Oats,2,cups,,2 cups oatmeal,normalized_or_substitute
75,Oatmeal Banana Waffle,1,Milk (whole),2,tablespoons,,2 tablespoons powdered milk,exact_name
75,Oatmeal Banana Waffle,133,Olive oil,2,tablespoons,,2 tablespoons olive oil,exact_name
76,Apple Crisp I,154,Flour (all purpose),0.5,cup,100,½ cup (100 g) all-purpose flour,exact_name
76,Apple Crisp I,162,Oats,0.5,cup,100,½ cup (100 g) rolled oats,exact_name
76,Apple Crisp I,129,Butter,0.333333333,cup,75,__ cup (75 g) cold butter or cold margarine,exact_name
77,Easy Peach Cobbler,129,Butter,1,count,,1 stick margarine,normalized_or_substitute
77,Easy Peach Cobbler,154,Flour (all purpose),0.75,cup,,¾ cup all-purpose flour,exact_name
77,Easy Peach Cobbler,1,Milk (whole),0.75,cup,,¾ cup milk,exact_name
78,Strawberry Frozen Yogurt,4,"Yogurt (whole milk, plain)",1,cup,,1 cup 2% fat Greek yogurt,exact_name
79,Panna Cotta (Basic),7,Heavy cream,2,cups,,2 cups (480 ml) heavy cream,exact_name
79,Panna Cotta (Basic),42,Chickpeas (canned),1.5,tsp,,1½ tsp vanilla essence or 1 small vanilla bean,normalized_or_substitute
39,Cioppino (Italian Seafood Stew),158,Fish,1,pounds,680.39,"1 ½ pounds tilapia (or other white, firm-fleshed fish), cut into 2-inch chunks",broad_substitute
41,Nasi Goreng (Indonesian Fried Rice),158,Fish,4,count,,4 fish meatballs,broad_substitute
41,Nasi Goreng (Indonesian Fried Rice),158,Fish,0,as_needed,,Sliced salted dried fish,broad_substitute
10,Easy Chicken Soup,57,Lemon,0.5,count,,"½ lemon, juiced",normalized_or_substitute
12,Three Sisters Stew,95,Winter squash,1,lb,907.18,1 ea. (2 lb) small pumpkin or butternut or carnival squash,normalized_or_substitute
15,Pineapple Teriyaki,80,Pineapple,1,can,425.24,"1 can (14__16 oz) cubed pineapple, drained",normalized_or_substitute
15,Pineapple Teriyaki,80,Pineapple,0.25,cup,,¼ cup water or reserved pineapple juice,normalized_or_substitute
17,Tofu in Spiced Coconut Sauce,46,Almonds (unsalted),0.25,cup,,"¼ cup (or more) slivered almonds, lightly toasted",normalized_or_substitute
18,Tom Kha Kai,121,Chili pepper,3,count,,"3__4 mini Thai bird chilies, finely chopped",normalized_or_substitute
18,Tom Kha Kai,58,Lime,3,tablespoons,,3 tablespoons lime juice,normalized_or_substitute
19,BBQ Pork Fried Rice,121,Chili pepper,20,g,20,20 g jalapeño,normalized_or_substitute
19,BBQ Pork Fried Rice,112,Cucumber,0,as_needed,,Cucumber,normalized_or_substitute
24,Maffé (West African Peanut Stew) I,92,Spinach,1,cup,,1 cup chopped leafy greens (such as spinach or kale),normalized_or_substitute
27,Pad Thai,58,Lime,0,garnish,,Wedge of lime (garnish),normalized_or_substitute
29,Chicken Quesadilla,52,Sesame seeds,1,tablespoon,,1 tablespoon sesame seeds,normalized_or_substitute
30,Tibs (Ethiopian Sauteed Meat and Vegetables),57,Lemon,0.25,cup,,¼ cup lemon juice,normalized_or_substitute
30,Tibs (Ethiopian Sauteed Meat and Vegetables),57,Lemon,0,as_needed,,"Lemon wedges, for serving",normalized_or_substitute
32,Yetakelt Wot (Ethiopian Spiced Vegetable Stew),105,Cauliflower,1,cup,,1 cup cauliflower florets,normalized_or_substitute
32,Yetakelt Wot (Ethiopian Spiced Vegetable Stew),93,Broccoli,1,cup,,1 cup broccoli florets,normalized_or_substitute
33,Spaghetti Pie,150,Bread,2,tablespoons,,2 tablespoons breadcrumbs,normalized_or_substitute
35,Chicken Alfredo,57,Lemon,0.5,cup,,½ cup lemon juice,normalized_or_substitute
36,Chipotle Chili,164,Ground meat (beef/pork blend),3,count,,"3__4 leftover hamburger patties, grilled and chilled",normalized_or_substitute
41,Nasi Goreng (Indonesian Fried Rice),112,Cucumber,1,count,,1 cucumber,normalized_or_substitute
41,Nasi Goreng (Indonesian Fried Rice),105,Cauliflower,0,as_needed,,Cauliflower,normalized_or_substitute
45,Cape Malay Butter Chicken,57,Lemon,2,tablespoons,,2 tablespoons lemon juice,normalized_or_substitute
47,Chicken Fried Rice,112,Cucumber,0,as_needed,,Cucumber,normalized_or_substitute
48,Peri-Peri Chicken,121,Chili pepper,5,count,,5 small bird's eye chillies (adjust to your taste),normalized_or_substitute
48,Peri-Peri Chicken,57,Lemon,1,count,,"1 medium-size lemon, juiced",normalized_or_substitute
49,Kedjenou Chicken (Chicken and Vegetable Stew),121,Chili pepper,2,count,,"2 whole habanero peppers  (optional), neatly cut",normalized_or_substitute
54,Egyptian Lentil Soup,57,Lemon,1,tablespoon,,1 tablespoon lemon juice,normalized_or_substitute
61,Pasta and Bean Soup,92,Spinach,1,optional,,"1 handful of fresh, chopped spinach (optional)",normalized_or_substitute
62,Puerto Rican Chicken Soup (Asopao),57,Lemon,0,as_needed,,Lemon juice,normalized_or_substitute
66,Cinnamon Chicken,77,Peach,0.25,tablespoons,,"¼___ peach, chopped finely OR 1__2 tablespoons honey",normalized_or_substitute
67,Hearty Beef Vegetable Soup,92,Spinach,2,cups,,2 cups torn fresh spinach leaves,normalized_or_substitute
75,Oatmeal Banana Waffle,65,Banana,0.5,count,,½ banana,normalized_or_substitute
77,Easy Peach Cobbler,77,Peach,5,count,,"5 fresh peaches, sliced",normalized_or_substitute
78,Strawberry Frozen Yogurt,88,Strawberries,2,cups,453.59,2 cups (16 oz) fresh strawberries,normalized_or_substitute
6,Chicken Curry,57,Lemon,0.5,count,,Juice of ½ lemon,normalized_alias
18,Tom Kha Kai,57,Lemon,4,stalks,,"4 stalks lemongrass, cut into 1-inch (2.5 cm) pieces or split lengthwise",normalized_alias
19,BBQ Pork Fried Rice,121,Chili pepper,5,count,,"5 red chillies, minced",normalized_alias
20,Traditional Lasagne,135,White sugar,0.5,tsp,,½ tsp white granulated sugar,normalized_alias
22,Chicken and Black-eyed Pea Stew,57,Lemon,2,tsp,,2 tsp curry powder stirred into the juice of ½ lemon,normalized_alias
27,Pad Thai,135,White sugar,0.25,cup,,¼ cup and 1 tablespoon (75 ml) palm sugar (or granulated sugar),normalized_alias
34,Spicy Roast Brisket,136,Brown sugar,1,tbsp,,1 tbsp brown sugar,normalized_alias
39,Cioppino (Italian Seafood Stew),107,Fennel bulb,1,count,,"1 large fennel bulb, thinly sliced",normalized_alias
42,Kari Ayam (Indonesian Chicken Curry),57,Lemon,1,tsp,,"1 tsp lemongrass, minced or grated",normalized_alias
43,Chicken Cacciatore,135,White sugar,1,tsp,,1 tsp granulated sugar,normalized_alias
45,Cape Malay Butter Chicken,121,Chili pepper,1,tablespoon,,1 ½ tablespoon freshly pounded red chillies,normalized_alias
62,Puerto Rican Chicken Soup (Asopao),121,Chili pepper,0.25,tsp,,¼ tsp hot pepper,normalized_alias
64,Liberian Eggplant Stew,121,Chili pepper,1,optional,,"1 hot pepper, chopped (optional, for heat)",normalized_alias
72,Almond Pancakes,135,White sugar,2,teaspoons,,2 teaspoons granulated sugar,normalized_alias
73,Baked Oatmeal,136,Brown sugar,1,cup,240,1 cup (240 g) brown sugar,normalized_alias
74,Blueberry Pancakes,135,White sugar,2,tbsp,,2 Tbsp white granulated sugar,normalized_alias
74,Blueberry Pancakes,85,Blueberries,1,cup,,1 cup frozen blueberries,normalized_alias
76,Apple Crisp I,62,Apple,6,cups,,"6 cups sliced and cored baking apples (for example, Granny Smith)",normalized_alias
76,Apple Crisp I,136,Brown sugar,0.666666667,cup,135,_____ cup (120__150 g) brown sugar,normalized_alias
77,Easy Peach Cobbler,135,White sugar,1,cup,,1 cup white granulated sugar,normalized_alias
78,Strawberry Frozen Yogurt,57,Lemon,1,count,,1 lemon,normalized_alias
78,Strawberry Frozen Yogurt,135,White sugar,0.5,cup,,½ cup white granulated sugar,normalized_alias
79,Panna Cotta (Basic),135,White sugar,0.5,cup,60,½ cup (60 g) white granulated sugar,normalized_alias